mechanism,rate,method,incidents,reciprocal_rank,reciprocal_rank_sd,avg_at_5,hit_at_1,hit_at_3,hit_at_5,normalized_rank,elapsed_ms,realized_rate,reciprocal_rank_se
burst,0.1,baro,375,0.5281022835400542,0.3664835818883958,0.57392,0.3714666666666667,0.5866666666666667,0.7365333333333333,0.08710151084813667,392.0506140264993,0.10000379996955043,0.01892513079082932
burst,0.1,median_shift,375,0.4985699222043071,0.3494054696834553,0.58016,0.30186666666666667,0.6338666666666667,0.7408,0.08799249423606902,107.93842890692564,0.10000379996955043,0.018043220868770707
burst,0.1,nsigma,375,0.7589756862231108,0.3086254347964236,0.8406933333333333,0.6136,0.8874666666666667,0.9661333333333334,0.031666473429951686,322.32105149355095,0.10000379996955043,0.01593734892243429
burst,0.1,qarca,375,0.8862423628545367,0.23601111517240664,0.9200533333333333,0.8248,0.9373333333333334,0.9749333333333334,0.025632690072076258,1802.8992601333496,0.10000379996955043,0.012187561581100953
burst,0.1,qarca_no_incident_train,375,0.8860855527365502,0.2466571805700196,0.9195733333333332,0.8256000000000001,0.9351999999999999,0.9789333333333334,0.025770187811620035,1802.4804157331896,0.10000379996955043,0.012737322034268821
burst,0.1,qarca_no_quality,375,0.8931186317925703,0.24592956477667688,0.9202666666666667,0.8408,0.9333333333333333,0.9674666666666667,0.026336020047017485,1802.3254021867644,0.10000379996955043,0.012699748116268103
burst,0.1,qarca_no_quality_original,375,0.8707984066582276,0.2664588859376763,0.9055466666666666,0.8058666666666666,0.9178666666666666,0.9728,0.027356449404531243,1802.3068820792562,0.10000379996955043,0.013759877702474693
burst,0.1,qarca_original_train,375,0.8232163050561261,0.2615530689059942,0.8706133333333334,0.7325333333333333,0.8949333333333334,0.9525333333333333,0.04291659176856107,1802.5708428003825,0.10000379996955043,0.013506542400298088
burst,0.1,qarca_quality_only,375,0.3154408503379431,0.22505092690658407,0.33008,0.14053333333333334,0.32613333333333333,0.5186666666666667,0.22497599573215146,1802.01655813364,0.10000379996955043,0.011621579892769903
burst,0.1,qarca_structural_only,375,0.2296610155639241,0.25747190120178276,0.23626666666666665,0.08,0.2613333333333333,0.4053333333333333,0.35204059334475385,1801.844386933713,0.10000379996955043,0.013295791806278214
burst,0.3,baro,375,0.4419692552407834,0.30270279703927616,0.47637333333333337,0.28853333333333336,0.5015999999999999,0.6117333333333334,0.16176781104162538,388.27937573329547,0.3000106456408146,0.015631505223780272
burst,0.3,median_shift,375,0.45106432712699074,0.32205982151653245,0.5349866666666667,0.2488,0.5912,0.7085333333333333,0.10996265309929514,107.2412924269059,0.3000106456408146,0.016631097669547512
burst,0.3,nsigma,375,0.7541192643508106,0.2894796078516437,0.8344533333333334,0.6082666666666666,0.8810666666666666,0.9562666666666667,0.03259083139083138,320.96593997352755,0.3000106456408146,0.0149486626703476
burst,0.3,qarca,375,0.8548237932591995,0.23237807358028922,0.8928533333333333,0.7808,0.9157333333333333,0.9554666666666667,0.035418742928001234,939.808953119209,0.3000106456408146,0.011999952120002958
burst,0.3,qarca_no_incident_train,375,0.8756527147096483,0.2416269463784379,0.9125333333333333,0.808,0.9328000000000001,0.9733333333333334,0.026579797979797974,939.3865566390722,0.3000106456408146,0.0124775618575819
burst,0.3,qarca_no_quality,375,0.888934089462633,0.23049779887854518,0.9187733333333334,0.832,0.9341333333333334,0.9677333333333332,0.026388581466842333,939.2273349329054,0.3000106456408146,0.011902855151920962
burst,0.3,qarca_no_quality_original,375,0.8621617177581047,0.25825634754603066,0.8992,0.7893333333333333,0.9173333333333333,0.9642666666666667,0.027958331137461566,939.1937397586337,0.3000106456408146,0.01333630044130842
burst,0.3,qarca_original_train,375,0.7819996608764135,0.2622908873059139,0.8307733333333334,0.6786666666666666,0.864,0.9234666666666667,0.05909308825775523,939.4544527723453,0.3000106456408146,0.013544643178636944
burst,0.3,qarca_quality_only,375,0.31156238040729517,0.19644223379179493,0.32378666666666667,0.1384,0.3269333333333333,0.5032,0.2268358562296302,938.8898713587938,0.3000106456408146,0.010144233332898742
burst,0.3,qarca_structural_only,375,0.2296610155639241,0.25747190120178276,0.23626666666666665,0.08,0.2613333333333333,0.4053333333333333,0.35204059334475385,938.7435125056033,0.3000106456408146,0.013295791806278214
burst,0.5,baro,375,0.3770202887142184,0.27716011111935385,0.4147733333333333,0.21333333333333335,0.43119999999999997,0.5829333333333333,0.20431949609060374,375.884261839216,0.5000233934616154,0.014312486594643395
burst,0.5,median_shift,375,0.2788884414502312,0.2142953523016195,0.34432,0.0832,0.36719999999999997,0.5677333333333333,0.2185833749245283,105.43167271922964,0.5000233934616154,0.011066164408450981
burst,0.5,nsigma,375,0.668718701661592,0.26477702972613626,0.75968,0.4925333333333333,0.8138666666666666,0.9112,0.05049944510796208,310.5443396278657,0.5000233934616154,0.013673027021167893
burst,0.5,qarca,375,0.6674191321523292,0.2506299982638244,0.7518933333333333,0.4978666666666666,0.8013333333333333,0.8928,0.06618114501886412,1792.4370604260205,0.5000233934616154,0.012942477457810478
burst,0.5,qarca_no_incident_train,375,0.6936919681058111,0.26905200965576037,0.7729066666666667,0.5349333333333334,0.824,0.8981333333333333,0.05379582588610792,1792.0798674129726,0.5000233934616154,0.01389378603547196
burst,0.5,qarca_no_quality,375,0.7265941203531068,0.2605314678341309,0.8035733333333335,0.5778666666666666,0.8493333333333334,0.9184,0.048305256188364135,1791.9072321333456,0.5000233934616154,0.013453787147794164
burst,0.5,qarca_no_quality_original,375,0.5932222023924597,0.2736997942324507,0.68464,0.40240000000000004,0.7354666666666667,0.8578666666666667,0.06788139047373223,1791.8871259730774,0.5000233934616154,0.014133796598969047
burst,0.5,qarca_original_train,375,0.5298923231527989,0.2394352148973259,0.62928,0.3176,0.6778666666666666,0.8325333333333333,0.09144641941890741,1792.1310578929415,0.5000233934616154,0.012364381330572495
burst,0.5,qarca_quality_only,375,0.2816759127775984,0.135826349317814,0.29136,0.11013333333333335,0.29573333333333335,0.46080000000000004,0.25229319172068637,1791.5723779462433,0.5000233934616154,0.007014042518453931
burst,0.5,qarca_structural_only,375,0.2296610155639241,0.25747190120178276,0.23626666666666665,0.08,0.2613333333333333,0.4053333333333333,0.35204059334475385,1791.4332245060089,0.5000233934616154,0.013295791806278214
incident,0.1,baro,375,0.46592306222221236,0.3696079837957664,0.5060266666666666,0.31093333333333334,0.5189333333333334,0.6632,0.1398878520839574,397.3163878393825,0.09999998422401103,0.019086474211550724
incident,0.1,median_shift,375,0.48632255962296306,0.37389491731374846,0.53856,0.3288,0.5685333333333333,0.6765333333333333,0.13806911889498538,112.49297058678543,0.09999998422401103,0.019307850506503292
incident,0.1,nsigma,375,0.6284272300408029,0.3758251060721569,0.6768533333333333,0.4976,0.7085333333333333,0.7850666666666666,0.10576017863880692,329.79279149337674,0.09999998422401103,0.019407525025387996
incident,0.1,qarca,375,0.8973104946904947,0.23614522157362092,0.9260266666666667,0.8413333333333334,0.936,0.9765333333333333,0.014780042185480026,540.0710020258401,0.09999998422401103,0.012194486805881257
incident,0.1,qarca_no_incident_train,375,0.7529589106410628,0.33683714644406687,0.7880533333333333,0.6570666666666667,0.8045333333333333,0.8762666666666667,0.04531388990950533,539.6822006932615,0.09999998422401103,0.017394195447492
incident,0.1,qarca_no_quality,375,0.6879034207004328,0.37660676678704263,0.71584,0.5933333333333334,0.7258666666666667,0.8125333333333333,0.06303623299745773,539.5125770660118,0.09999998422401103,0.019447889811136487
incident,0.1,qarca_no_quality_original,375,0.709767786734526,0.36073550669727106,0.74448,0.6093333333333333,0.7578666666666667,0.8423999999999999,0.05649163057395756,539.4811514937319,0.09999998422401103,0.018628301464323
incident,0.1,qarca_original_train,375,0.44935642970580836,0.4148825903414196,0.44384,0.3565333333333333,0.44906666666666667,0.5229333333333334,0.2647665640127756,539.7400321338171,0.09999998422401103,0.021424444840316165
incident,0.1,qarca_quality_only,375,0.6057432914791345,0.35610593809514923,0.67648,0.43466666666666665,0.7125333333333334,0.8423999999999999,0.07540773120055422,539.1903670135109,0.09999998422401103,0.018389231569707766
incident,0.1,qarca_structural_only,375,0.2296610155639241,0.25747190120178276,0.23626666666666665,0.08,0.2613333333333333,0.4053333333333333,0.35204059334475385,539.0401714664108,0.09999998422401103,0.013295791806278214
incident,0.3,baro,375,0.1909877385774175,0.23887770212831222,0.16624,0.07626666666666668,0.16533333333333333,0.26213333333333333,0.44807836914675286,389.5117428003189,0.299999954555718,0.012335591494976657
incident,0.3,median_shift,375,0.2219866955401128,0.24258680788834405,0.20746666666666666,0.09466666666666666,0.21573333333333336,0.3085333333333333,0.3566442072104058,114.48682722657298,0.299999954555718,0.01252712889281566
incident,0.3,nsigma,375,0.19638172582352661,0.2524588713578503,0.17936000000000002,0.084,0.18106666666666668,0.2672,0.45435844366976674,325.1959077071709,0.299999954555718,0.013036920058283663
incident,0.3,qarca,375,0.824787930107971,0.2825351057931543,0.87168,0.7325333333333333,0.8941333333333333,0.9586666666666667,0.02621735592297747,551.8482715990084,0.299999954555718,0.014590050126077829
incident,0.3,qarca_no_incident_train,375,0.41997055824933144,0.3205621451294816,0.45648,0.248,0.4730666666666667,0.6349333333333333,0.14534644802943494,551.4454568525621,0.299999954555718,0.0165537579934801
incident,0.3,qarca_no_quality,375,0.36754761777346917,0.29470604702310726,0.40597333333333335,0.1869333333333333,0.41786666666666666,0.6096,0.15837899255122118,551.2744867995382,0.299999954555718,0.01521855482862819
incident,0.3,qarca_no_quality_original,375,0.327293767026235,0.3015009517472144,0.33653333333333335,0.1704,0.3352,0.512,0.19897722900548012,551.2236503988349,0.299999954555718,0.015569442199768633
incident,0.3,qarca_original_train,375,0.1209590739798471,0.15518113926267588,0.06944,0.024266666666666666,0.0656,0.12426666666666666,0.5277465351917713,551.5038280529436,0.299999954555718,0.008013519573464502
incident,0.3,qarca_quality_only,375,0.7624004501543974,0.32691220896665424,0.8159466666666667,0.6472,0.8498666666666667,0.9082666666666668,0.039492275038019053,550.9369606125324,0.299999954555718,0.016881673879996412
incident,0.3,qarca_structural_only,375,0.2296610155639241,0.25747190120178276,0.23626666666666665,0.08,0.2613333333333333,0.4053333333333333,0.35204059334475385,550.7933845319629,0.299999954555718,0.013295791806278214
incident,0.5,baro,375,0.15164585204418657,0.16389489345845798,0.11893333333333334,0.037333333333333336,0.11493333333333333,0.204,0.4981055109482731,380.8218873597992,0.5000000599789933,0.008463495905240622
incident,0.5,median_shift,375,0.18564143968859556,0.18983382612145738,0.15845333333333333,0.06586666666666667,0.15893333333333334,0.25066666666666665,0.3949511462173902,113.04741386699801,0.5000000599789933,0.009802976628203185
incident,0.5,nsigma,375,0.1568802536504819,0.1869909690135235,0.13136,0.046933333333333334,0.13093333333333335,0.2149333333333333,0.5163235567277641,322.13796920006473,0.5000000599789933,0.009656172118407516
incident,0.5,qarca,375,0.7613155712091294,0.3083216257964701,0.8179733333333333,0.6469333333333334,0.8463999999999999,0.924,0.038542113851311635,562.0451731739411,0.5000000599789933,0.01592166029313765
incident,0.5,qarca_no_incident_train,375,0.3542435632425392,0.26938661568554645,0.3877866666666666,0.16986666666666667,0.39813333333333334,0.5864,0.1729422636603977,561.6533074139618,0.5000000599789933,0.013911065016550655
incident,0.5,qarca_no_quality,375,0.32139362961229107,0.25016661164415943,0.36016,0.1312,0.3725333333333333,0.5613333333333334,0.18467684941117019,561.4925479999123,0.5000000599789933,0.01291854827566624
incident,0.5,qarca_no_quality_original,375,0.27404194883480687,0.23912449055512472,0.2865066666666667,0.10479999999999999,0.28159999999999996,0.47919999999999996,0.2287520848181112,561.4536047733078,0.5000000599789933,0.012348335594537744
incident,0.5,qarca_original_train,375,0.13487722236093205,0.15086940435535368,0.09157333333333334,0.024533333333333338,0.08773333333333333,0.17013333333333333,0.4833902023094876,561.6974652264112,0.5000000599789933,0.007790862540273567
incident,0.5,qarca_quality_only,375,0.757619716496345,0.323575969084597,0.8117333333333333,0.644,0.8453333333333334,0.9053333333333333,0.04298368222510291,561.186455332938,0.5000000599789933,0.016709391193300935
incident,0.5,qarca_structural_only,375,0.2296610155639241,0.25747190120178276,0.23626666666666665,0.08,0.2613333333333333,0.4053333333333333,0.35204059334475385,561.0093149598532,0.5000000599789933,0.013295791806278214
none,0.0,baro,375,0.5297457217590344,0.37824512161620355,0.5797333333333333,0.36533333333333334,0.592,0.744,0.08402831923468786,455.9538354645483,0.0,0.019532494090716737
none,0.0,median_shift,375,0.5018376041874897,0.36052809975024797,0.5829333333333333,0.30666666666666664,0.6426666666666667,0.7413333333333333,0.08747518791339977,111.87822213380907,0.0,0.018617591015633556
none,0.0,nsigma,375,0.7606198412698412,0.31498537557896306,0.8410666666666666,0.616,0.8853333333333333,0.9626666666666667,0.03169363197189283,397.1324970689602,0.0,0.016265774852216166
none,0.0,qarca,375,0.8903600644122383,0.25386679193539063,0.92,0.8346666666666667,0.9306666666666666,0.9786666666666667,0.02493017127799736,585.9773696021488,0.0,0.013109624764278283
none,0.0,qarca_no_incident_train,375,0.8915800074321812,0.25356291331162845,0.9205333333333333,0.8373333333333334,0.9333333333333333,0.9786666666666667,0.025389547650417215,582.1781904022209,0.0,0.013093932539623626
none,0.0,qarca_no_quality,375,0.8968890983412722,0.24993214488624077,0.9237333333333333,0.8453333333333334,0.936,0.9706666666666667,0.02611857707509881,581.9671856008159,0.0,0.012906440464350796
none,0.0,qarca_no_quality_original,375,0.869435821987996,0.2718159599734755,0.9056000000000001,0.8026666666666666,0.92,0.9733333333333334,0.027721387790953,581.9386938662889,0.0,0.014036515816142034
none,0.0,qarca_original_train,375,0.8621538114059853,0.27728555173227937,0.9002666666666668,0.792,0.9173333333333333,0.9706666666666667,0.02905032938076416,582.2628872022033,0.0,0.01431896432004071
none,0.0,qarca_quality_only,375,0.27121572234918606,0.3319332655675777,0.22240000000000001,0.15733333333333333,0.23466666666666666,0.25333333333333335,0.3635164450293012,581.689995468439,0.0,0.017140960127939628
none,0.0,qarca_structural_only,375,0.2296610155639241,0.25747190120178276,0.23626666666666665,0.08,0.2613333333333333,0.4053333333333333,0.35204059334475385,581.4196701343171,0.0,0.013295791806278214
point,0.1,baro,375,0.5293558118940531,0.37875487050667717,0.5779733333333333,0.3664,0.5882666666666666,0.7429333333333334,0.08450767823453675,407.68864551920757,0.09999998422401103,0.019558817410230765
point,0.1,median_shift,375,0.4995905911934361,0.35749857885857117,0.5808533333333333,0.3021333333333333,0.6426666666666667,0.7394666666666667,0.0874364007768784,114.11502669338758,0.09999998422401103,0.018461147229494202
point,0.1,nsigma,375,0.760530683020683,0.3145042789241182,0.8412266666666666,0.6165333333333333,0.8856,0.9648,0.03181069828722002,337.82384242645156,0.09999998422401103,0.01624093112778776
point,0.1,qarca,375,0.8911025635234331,0.2479116543879305,0.9204266666666667,0.8351999999999999,0.9328000000000001,0.9783999999999999,0.024729292929292924,575.4268554668719,0.09999998422401103,0.012802102783669117
point,0.1,qarca_no_incident_train,375,0.8915951235559931,0.24950370232824537,0.9216000000000001,0.8357333333333333,0.9338666666666666,0.9794666666666667,0.024889328063241106,574.9611974658444,0.09999998422401103,0.012884315785791828
point,0.1,qarca_no_quality,375,0.8981666996052161,0.24485019769337424,0.9248000000000001,0.8477333333333332,0.9370666666666666,0.9717333333333332,0.025610540184453225,574.7814636267566,0.09999998422401103,0.012644009839760429
point,0.1,qarca_no_quality_original,375,0.8699012178320874,0.26937046165684386,0.9061866666666667,0.8032,0.9192,0.9741333333333334,0.027187615283267453,574.7586581331367,0.09999998422401103,0.013910230826095464
point,0.1,qarca_original_train,375,0.8652644860453557,0.27081098694716665,0.9034666666666668,0.7957333333333333,0.9223999999999999,0.9706666666666667,0.02809020641194554,575.0367252533014,0.09999998422401103,0.013984619232218274
point,0.1,qarca_quality_only,375,0.34555958736152426,0.2818135026242894,0.3568,0.1821333333333333,0.35813333333333336,0.5336,0.22370354904991985,574.4793400526512,0.09999998422401103,0.01455278669867004
point,0.1,qarca_structural_only,375,0.2296610155639241,0.25747190120178276,0.23626666666666665,0.08,0.2613333333333333,0.4053333333333333,0.35204059334475385,574.3030472784613,0.09999998422401103,0.013295791806278214
point,0.3,baro,375,0.529472797222354,0.37768457574226555,0.5768,0.36826666666666663,0.5853333333333334,0.7429333333333334,0.08480780426078648,410.2984343202785,0.299999954555718,0.01950354762625611
point,0.3,median_shift,375,0.49917216401185655,0.3561775906839595,0.5797866666666667,0.30186666666666667,0.6421333333333333,0.7378666666666667,0.08775622906589224,113.41175423941264,0.299999954555718,0.018392931693483428
point,0.3,nsigma,375,0.7616800574827519,0.31368167092021765,0.8423999999999999,0.6181333333333333,0.8864,0.9669333333333334,0.03157514273166446,340.4292293326929,0.299999954555718,0.01619845183312691
point,0.3,qarca,375,0.8943724508020161,0.23895196125092485,0.9241066666666667,0.8386666666666667,0.936,0.9794666666666667,0.02427448397013614,571.3618981869581,0.299999954555718,0.012339426219579093
point,0.3,qarca_no_incident_train,375,0.8920061903957556,0.24346704259268104,0.9227733333333333,0.8354666666666667,0.9357333333333333,0.9802666666666667,0.024640667545015368,570.9325629862026,0.299999954555718,0.012572584017491006
point,0.3,qarca_no_quality,375,0.8990901697497349,0.24065593287056003,0.9254933333333334,0.8490666666666666,0.9391999999999999,0.9698666666666667,0.02538533157663592,570.7659387460288,0.299999954555718,0.012427418935649187
point,0.3,qarca_no_quality_original,375,0.8717971195755084,0.2649554756391942,0.9072533333333334,0.8056000000000001,0.9216000000000001,0.9730666666666666,0.026708739569609133,570.7340502391725,0.299999954555718,0.013682241928494187
point,0.3,qarca_original_train,375,0.8648576785173717,0.2667818779160569,0.90272,0.7954666666666667,0.9184,0.9703999999999999,0.028013350900307415,571.0081000794502,0.299999954555718,0.013776556936517715
point,0.3,qarca_quality_only,375,0.3338279447090109,0.26742685363547575,0.3412266666666667,0.16853333333333334,0.34,0.5157333333333334,0.22570036695786633,570.4046197066084,0.299999954555718,0.01380986333945128
point,0.3,qarca_structural_only,375,0.2296610155639241,0.25747190120178276,0.23626666666666665,0.08,0.2613333333333333,0.4053333333333333,0.35204059334475385,570.2716148534014,0.299999954555718,0.013295791806278214
point,0.5,baro,375,0.5276677184691888,0.37616609710594145,0.57408,0.36719999999999997,0.5842666666666666,0.7392,0.08520272086626035,406.77676402685853,0.5000000599789933,0.019425133726655375
point,0.5,median_shift,375,0.5003729942608225,0.3546257637547422,0.5818133333333334,0.3024,0.6413333333333333,0.7394666666666667,0.08745921563229583,110.639831066768,0.5000000599789933,0.018312795695442696
point,0.5,nsigma,375,0.761352508833895,0.310984134336585,0.8429866666666667,0.6168,0.8874666666666667,0.9690666666666666,0.0313386736934563,338.42584061374265,0.5000000599789933,0.01605915164293765
point,0.5,qarca,375,0.8990029813986335,0.2293014706402783,0.9274666666666667,0.8450666666666666,0.9389333333333334,0.9778666666666667,0.023398506807202457,2443.1945563202103,0.5000000599789933,0.011841077027342224
point,0.5,qarca_no_incident_train,375,0.8929642512399033,0.23926790330031372,0.9244266666666667,0.8354666666666667,0.9391999999999999,0.9789333333333334,0.023814229249011856,2442.8020508533655,0.5000000599789933,0.012355741396854423
point,0.5,qarca_no_quality,375,0.9008142735052199,0.23503327934106158,0.92544,0.8525333333333333,0.9365333333333333,0.9693333333333334,0.024607905138339915,2442.6230352263433,0.5000000599789933,0.012137066355899296
point,0.5,qarca_no_quality_original,375,0.8746230857387378,0.2603610900818906,0.9096533333333333,0.8096000000000001,0.9234666666666667,0.9730666666666666,0.025568467281510753,2442.5964809857464,0.5000000599789933,0.013444988878500952
point,0.5,qarca_original_train,375,0.8652123839568597,0.2642153496354816,0.9021333333333333,0.7962666666666667,0.9197333333333333,0.9674666666666667,0.02724321475625823,2442.8187366936822,0.5000000599789933,0.013644021986007868
point,0.5,qarca_quality_only,375,0.3249845582685737,0.25621323277866687,0.32976,0.16,0.3317333333333333,0.5,0.2296442177092946,2442.2814663461877,0.5000000599789933,0.013230794448396548
point,0.5,qarca_structural_only,375,0.2296610155639241,0.25747190120178276,0.23626666666666665,0.08,0.2613333333333333,0.4053333333333333,0.35204059334475385,2442.14370738538,0.5000000599789933,0.013295791806278214
stream,0.1,baro,375,0.5246289118399685,0.3570530592481929,0.5804266666666666,0.356,0.5957333333333333,0.7605333333333333,0.08443812012169634,376.55331442647923,0.10113845075817623,0.01843814069574215
stream,0.1,median_shift,375,0.5101456961856564,0.34979275683972755,0.5897066666666667,0.31573333333333337,0.6456,0.748,0.08474291404179951,104.10868594661976,0.10113845075817623,0.018063220291523272
stream,0.1,nsigma,375,0.756973685099074,0.2978913718559869,0.8390933333333334,0.6101333333333334,0.8842666666666668,0.9621333333333334,0.03378510490258193,314.02778802706547,0.10113845075817623,0.015383044295694908
stream,0.1,qarca,375,0.8853629126713014,0.23370720224810126,0.91872,0.8245333333333333,0.9351999999999999,0.9752,0.025503205972771188,517.0187031730699,0.10113845075817623,0.012068588029274997
stream,0.1,qarca_no_incident_train,375,0.8845065749150915,0.23731834019483827,0.9183466666666666,0.8234666666666667,0.9338666666666666,0.9768,0.02590408432147562,516.6488976271513,0.10113845075817623,0.012255066390989265
stream,0.1,qarca_no_quality,375,0.8859520540195758,0.23480026496303846,0.9152,0.8296000000000001,0.9314666666666667,0.9637333333333332,0.028712758942765062,516.4907793602285,0.10113845075817623,0.012125033545159158
stream,0.1,qarca_no_quality_original,375,0.861196468371022,0.25450039707006894,0.90064,0.7888000000000001,0.9165333333333333,0.972,0.029588528765920066,516.4375607998421,0.10113845075817623,0.013142343992740693
stream,0.1,qarca_original_train,375,0.8138002783034906,0.24811188272206383,0.8552,0.7261333333333334,0.8794666666666667,0.9314666666666667,0.057640368417209306,516.6922068001547,0.10113845075817623,0.012812442530382946
stream,0.1,qarca_quality_only,375,0.26454002413094585,0.15866097669942425,0.2651733333333333,0.10160000000000001,0.2736,0.4154666666666667,0.2715400873156357,516.1481246394261,0.10113845075817623,0.008193217605998308
stream,0.1,qarca_structural_only,375,0.2296610155639241,0.25747190120178276,0.23626666666666665,0.08,0.2613333333333333,0.4053333333333333,0.35204059334475385,516.0087631465557,0.10113845075817623,0.013295791806278214
stream,0.3,baro,375,0.51067287958453,0.31249479973641864,0.5717866666666667,0.3352,0.5896,0.7621333333333333,0.09317695888108624,317.5531290664803,0.300618043692961,0.01613716206874095
stream,0.3,median_shift,375,0.5151992065736928,0.32162224267597733,0.5907733333333333,0.3208,0.6434666666666667,0.7482666666666667,0.08842501998511794,87.41091058688859,0.300618043692961,0.016608501195385875
stream,0.3,nsigma,375,0.7330930053080649,0.2667790974016146,0.8136000000000001,0.5834666666666667,0.8557333333333332,0.9431999999999999,0.04683734300400558,269.3814490669252,0.300618043692961,0.013776413351369329
stream,0.3,qarca,375,0.8581595971424117,0.22234768643518688,0.8978133333333334,0.7832,0.9218666666666666,0.9648,0.03195390590462093,448.2498357594789,0.300618043692961,0.011481985155083033
stream,0.3,qarca_no_incident_train,375,0.8609924993491376,0.22341490793349636,0.8996266666666667,0.7877333333333333,0.9218666666666666,0.9650666666666666,0.03279350739483011,447.8764829855567,0.300618043692961,0.011537096236278596
stream,0.3,qarca_no_quality,375,0.8578517826322483,0.21771004337680738,0.8933333333333333,0.7874666666666666,0.912,0.9528,0.03774491210873185,447.6953964528628,0.300618043692961,0.01124249829733959
stream,0.3,qarca_no_quality_original,375,0.8239663707028344,0.23485266081259373,0.8703466666666666,0.7343999999999999,0.8941333333333333,0.9496000000000001,0.04355196339316219,447.67427914609823,0.300618043692961,0.012127739255195663
stream,0.3,qarca_original_train,375,0.722888338979225,0.2504196289968683,0.7640533333333333,0.6136,0.7933333333333333,0.8543999999999999,0.10387275498177123,447.93364479932933,0.300618043692961,0.01293161403557748
stream,0.3,qarca_quality_only,375,0.25805625378191405,0.13028211023054656,0.25872,0.08773333333333333,0.2608,0.4274666666666667,0.2529880928560371,447.3623287196271,0.300618043692961,0.006727739243088877
stream,0.3,qarca_structural_only,375,0.2296610155639241,0.25747190120178276,0.23626666666666665,0.08,0.2613333333333333,0.4053333333333333,0.35204059334475385,447.2225633597778,0.300618043692961,0.013295791806278214
stream,0.5,baro,375,0.4912124783535758,0.26195276187057054,0.5544,0.30933333333333335,0.5813333333333334,0.7376,0.11188088954091906,264.73193386695345,0.4985474069441284,0.013527182456236759
stream,0.5,median_shift,375,0.5186208265136699,0.28472150539837154,0.58496,0.33466666666666667,0.6290666666666667,0.7408,0.1043127107213516,73.12737381320136,0.4985474069441284,0.014702955316199976
stream,0.5,nsigma,375,0.6953207829417003,0.22712689176026288,0.76784,0.5458666666666666,0.8069333333333334,0.8962666666666668,0.07281353659584414,230.74222589279526,0.4985474069441284,0.011728782256844704
stream,0.5,qarca,375,0.8213630706687409,0.19769835688154017,0.8634133333333334,0.7346666666666667,0.884,0.9410666666666666,0.04928412097634243,388.4498249876934,0.4985474069441284,0.01020909925033034
stream,0.5,qarca_no_incident_train,375,0.8229906556728526,0.20048270290863995,0.8639466666666668,0.7376,0.8888,0.9365333333333333,0.050809496348381826,388.05986741433543,0.4985474069441284,0.010352882260904157
stream,0.5,qarca_no_quality,375,0.8163441357867525,0.20000089058332296,0.8506666666666667,0.736,0.8744,0.9146666666666666,0.05543100678340187,387.89676490716323,0.4985474069441284,0.010328001579411489
stream,0.5,qarca_no_quality_original,375,0.7640709594371159,0.20271473484292996,0.8117866666666667,0.6581333333333333,0.8437333333333332,0.9032,0.06792923348447716,387.8657678136136,0.4985474069441284,0.010468143894366936
stream,0.5,qarca_original_train,375,0.6292630549362925,0.2504730016335738,0.66528,0.5048,0.6816,0.7909333333333334,0.1432978975510599,388.12713048012614,0.4985474069441284,0.012934370186685525
stream,0.5,qarca_quality_only,375,0.25313665258239626,0.11572024510848522,0.25994666666666666,0.08,0.26053333333333334,0.44106666666666666,0.2556964610368119,387.5621097077771,0.4985474069441284,0.005975767761656047
stream,0.5,qarca_structural_only,375,0.2296610155639241,0.25747190120178276,0.23626666666666665,0.08,0.2613333333333333,0.4053333333333333,0.35204059334475385,387.4121614137975,0.4985474069441284,0.013295791806278214
