system,mechanism,rate,method,incidents,reciprocal_rank,reciprocal_rank_sd,avg_at_5,hit_at_1,hit_at_3,hit_at_5,normalized_rank,elapsed_ms,realized_rate,reciprocal_rank_se
OB,burst,0.1,baro,125,0.8525780952380952,0.25232142658019,0.90368,0.7576,0.9296,0.9792000000000001,0.0406,71.42393263964914,0.09999751367414579,0.022568314480521087
OB,burst,0.1,median_shift,125,0.72288,0.27692583857719844,0.8423999999999999,0.52,0.9144,0.9896,0.06559668174962292,13.340173040004448,0.09999751367414579,0.024768999991389973
OB,burst,0.1,nsigma,125,0.8533831746031746,0.26336870353660485,0.90352,0.764,0.9408,0.98,0.0406,58.34366776053794,0.09999751367414579,0.02355641297015351
OB,burst,0.1,qarca,125,0.8803041269841271,0.23015146044454235,0.92288,0.8064,0.94,0.9896,0.03242745098039215,52.75712887994014,0.09999751367414579,0.020585372426994025
OB,burst,0.1,qarca_no_incident_train,125,0.8853409523809523,0.2409329044574365,0.92304,0.8168,0.9304,0.9944,0.032113725490196074,52.51809280049056,0.09999751367414579,0.021549694095331605
OB,burst,0.1,qarca_no_quality,125,0.8856533333333333,0.241625033121207,0.9248,0.8176,0.936,0.9967999999999999,0.03131372549019607,52.3574064004235,0.09999751367414579,0.02161159996498628
OB,burst,0.1,qarca_no_quality_original,125,0.8934933333333334,0.23674118772228409,0.92768,0.8304,0.9288,0.996,0.03009411764705882,52.343497759616,0.09999751367414579,0.021174775552842633
OB,burst,0.1,qarca_original_train,125,0.7789996625596625,0.22087971232274098,0.84272,0.6552,0.8712000000000001,0.9488,0.07295957767722473,52.564975041290744,0.09999751367414579,0.019756082064169872
OB,burst,0.1,qarca_quality_only,125,0.2644063492063492,0.14393882269506605,0.2632,0.0728,0.2576,0.4576,0.3969469079939668,52.12915144106373,0.09999751367414579,0.012874279685898287
OB,burst,0.1,qarca_structural_only,125,0.14720000000000003,0.1817962938926926,0.0688,0.04,0.088,0.088,0.6897737556561087,51.983952400228006,0.09999751367414579,0.01626035484806362
OB,burst,0.3,baro,125,0.7635822022422022,0.22707236426172442,0.82848,0.6312000000000001,0.8704,0.9336,0.07750859728506787,70.52931175939739,0.3000185372070358,0.020309969692032383
OB,burst,0.3,median_shift,125,0.6790828571428572,0.2516713692997846,0.816,0.448,0.9056000000000001,0.98,0.07691040723981898,13.231302399886772,0.3000185372070358,0.022510171589790882
OB,burst,0.3,nsigma,125,0.8577885714285715,0.2351678172134618,0.90864,0.7656000000000001,0.9368,0.9832000000000001,0.03918461538461538,58.28381168069318,0.3000185372070358,0.02103404901638183
OB,burst,0.3,qarca,125,0.8133669841269842,0.2135528975622144,0.8705600000000001,0.7072,0.9016000000000001,0.964,0.057647058823529405,53.343171598669144,0.3000185372070358,0.01910075182964642
OB,burst,0.3,qarca_no_incident_train,125,0.8679609523809524,0.22480553093525674,0.9184,0.7807999999999999,0.9416,0.9936,0.034199999999999994,53.09076559888199,0.3000185372070358,0.020107217955566636
OB,burst,0.3,qarca_no_quality,125,0.8803866666666667,0.2324718289481121,0.9222400000000001,0.8064,0.9344,0.9967999999999999,0.03239999999999999,52.93227647901513,0.3000185372070358,0.020792912495267282
OB,burst,0.3,qarca_no_quality_original,125,0.8837333333333334,0.2299454898783888,0.92384,0.8104,0.9336,0.9936,0.03173333333333333,52.91454623816535,0.3000185372070358,0.02056694985950269
OB,burst,0.3,qarca_original_train,125,0.6662085425685426,0.20052790350399097,0.74288,0.5032,0.7912,0.8936000000000001,0.12060935143288083,53.139141518529506,0.3000185372070358,0.01793576094481768
OB,burst,0.3,qarca_quality_only,125,0.2884288933288933,0.1064834775409391,0.29519999999999996,0.0968,0.2944,0.4968,0.3831490196078431,52.67992423865944,0.3000185372070358,0.00952417177048448
OB,burst,0.3,qarca_structural_only,125,0.14720000000000003,0.1817962938926926,0.0688,0.04,0.088,0.088,0.6897737556561087,52.57444447758608,0.3000185372070358,0.01626035484806362
OB,burst,0.5,baro,125,0.6836342457542457,0.20851587464073953,0.75168,0.5327999999999999,0.8,0.8776,0.12332911010558069,67.79683735896833,0.5000301885741492,0.018650226803380725
OB,burst,0.5,median_shift,125,0.4616435209235209,0.1491696249724242,0.6184,0.1832,0.6984,0.9208,0.16324343891402715,12.773972159344703,0.5000301885741492,0.013342136864659628
OB,burst,0.5,nsigma,125,0.7721632034632034,0.22101022672926302,0.84608,0.632,0.8864,0.956,0.06727058823529411,56.100226561538875,0.5000301885741492,0.019767755627570924
OB,burst,0.5,qarca,125,0.6959095815295815,0.21550387654944086,0.77776,0.5336000000000001,0.8232,0.9216,0.10132156862745097,51.999437998840584,0.5000301885741492,0.019275252695170903
OB,burst,0.5,qarca_no_incident_train,125,0.7796339682539682,0.23641236234927035,0.8561599999999999,0.6432,0.8992,0.972,0.06184313725490195,51.745639119017866,0.5000301885741492,0.021145364517371215
OB,burst,0.5,qarca_no_quality,125,0.7964152380952382,0.2369990405808989,0.86976,0.664,0.908,0.9743999999999999,0.05531644042232276,51.60020799925551,0.5000301885741492,0.021197838613644847
OB,burst,0.5,qarca_no_quality_original,125,0.768599365079365,0.23438045588401582,0.85136,0.6192000000000001,0.9024,0.9648,0.06376349924585217,51.58095127940178,0.5000301885741492,0.020963625278161997
OB,burst,0.5,qarca_original_train,125,0.6114676279276279,0.20594509764556979,0.72096,0.4008,0.7847999999999999,0.9096000000000001,0.12749260935143286,51.81097519840114,0.5000301885741492,0.018420289518733035
OB,burst,0.5,qarca_quality_only,125,0.2770864513264513,0.08443832848826707,0.27792,0.0928,0.2776,0.4624,0.41312911010558073,51.355511360382664,0.5000301885741492,0.0075523936962488885
OB,burst,0.5,qarca_structural_only,125,0.14720000000000003,0.1817962938926926,0.0688,0.04,0.088,0.088,0.6897737556561087,51.24852431812324,0.5000301885741492,0.01626035484806362
OB,incident,0.1,baro,125,0.7675395382395382,0.30613015048532866,0.82912,0.64,0.8512000000000001,0.944,0.07673333333333332,71.4704292783048,0.10000016523843418,0.027381113057897404
OB,incident,0.1,median_shift,125,0.6926898412698412,0.32321994586576014,0.78464,0.5176000000000001,0.8232,0.9528,0.09368205128205127,13.3567634399049,0.10000016523843418,0.02890967082558567
OB,incident,0.1,nsigma,125,0.7753342057942058,0.3283221441930346,0.81808,0.6736,0.8512000000000001,0.9072,0.09539999999999998,58.045113439485434,0.10000016523843418,0.029366025317364527
OB,incident,0.1,qarca,125,0.9037866666666666,0.23144535495392668,0.93456,0.8488,0.9352,0.9967999999999999,0.02726666666666666,52.47588367881254,0.10000016523843418,0.02070110187014191
OB,incident,0.1,qarca_no_incident_train,125,0.846567619047619,0.28107822078622724,0.8860800000000001,0.7656000000000001,0.8936000000000001,0.9648,0.051733333333333326,52.23729832088575,0.10000016523843418,0.02514040034690794
OB,incident,0.1,qarca_no_quality,125,0.8314219047619048,0.28233266359859827,0.876,0.744,0.8807999999999999,0.9728,0.05346666666666666,52.05753135955892,0.10000016523843418,0.025252601123001844
OB,incident,0.1,qarca_no_quality_original,125,0.8461387301587301,0.28733847393428197,0.8819199999999999,0.772,0.8864,0.96,0.05586666666666666,52.05631216051988,0.10000016523843418,0.025700334410724234
OB,incident,0.1,qarca_original_train,125,0.4613940281940282,0.38547723523416105,0.46576,0.3352,0.4704,0.576,0.369289592760181,52.271830721199514,0.10000016523843418,0.03447813207049045
OB,incident,0.1,qarca_quality_only,125,0.7868038095238095,0.27507933246349625,0.8689600000000001,0.64,0.9248,0.9688,0.055333333333333325,51.81580895986408,0.10000016523843418,0.02460384346374569
OB,incident,0.1,qarca_structural_only,125,0.14720000000000003,0.1817962938926926,0.0688,0.04,0.088,0.088,0.6897737556561087,51.697405360266565,0.10000016523843418,0.01626035484806362
OB,incident,0.3,baro,125,0.3319656965256965,0.29244838968484743,0.32512,0.1696,0.3216,0.48640000000000005,0.40589441930618403,70.7626975201536,0.29999978859677606,0.026157379169826685
OB,incident,0.3,median_shift,125,0.4057149472749472,0.2970233184484262,0.44160000000000005,0.22,0.464,0.6224,0.32338793363499246,13.40298839933239,0.29999978859677606,0.026566573238129935
OB,incident,0.3,nsigma,125,0.38346694416694416,0.31742541863697793,0.39616,0.21680000000000002,0.404,0.56,0.35693544494720963,58.3598254411947,0.29999978859677606,0.02839139255434445
OB,incident,0.3,qarca,125,0.8577466666666667,0.25908996513922006,0.9067200000000001,0.772,0.9312,0.9912000000000001,0.03886666666666666,52.83678816026077,0.29999978859677606,0.02317371097357387
OB,incident,0.3,qarca_no_incident_train,125,0.574815873015873,0.3457602600498763,0.6163200000000001,0.4184,0.636,0.776,0.18330437405731523,52.58033783910796,0.29999978859677606,0.03092573781558113
OB,incident,0.3,qarca_no_quality,125,0.5191339682539682,0.3207585184696681,0.57952,0.3352,0.6103999999999999,0.7687999999999999,0.20647993966817496,52.41330736037344,0.29999978859677606,0.028689514066411983
OB,incident,0.3,qarca_no_quality_original,125,0.5119997113997113,0.34922718665055275,0.53376,0.36160000000000003,0.5544,0.6784,0.2418711915535445,52.39961839946918,0.29999978859677606,0.03123582915766572
OB,incident,0.3,qarca_original_train,125,0.14106339216339214,0.19566731115240446,0.06559999999999999,0.0464,0.068,0.08,0.800294419306184,52.638012560270724,0.29999978859677606,0.017501016348455162
OB,incident,0.3,qarca_quality_only,125,0.8698133333333333,0.242371720495724,0.92752,0.7792,0.9576,1.0,0.03019999999999999,52.169163999892774,0.29999978859677606,0.021678385714080716
OB,incident,0.3,qarca_structural_only,125,0.14720000000000003,0.1817962938926926,0.0688,0.04,0.088,0.088,0.6897737556561087,52.05489463922568,0.29999978859677606,0.01626035484806362
OB,incident,0.5,baro,125,0.2130869819069819,0.14820293866414488,0.18112,0.0504,0.1784,0.316,0.5250021116138763,69.5897981595248,0.5000001190736444,0.013255673812730392
OB,incident,0.5,median_shift,125,0.3250814341214341,0.23857753556885475,0.33536,0.1504,0.3488,0.4952,0.41274630467571644,13.182222880190238,0.5000001190736444,0.021339023497453327
OB,incident,0.5,nsigma,125,0.25008216894216895,0.20590640640598376,0.22736,0.0848,0.2304,0.37039999999999995,0.4798533936651584,57.87053280007094,0.5000001190736444,0.018416828869059113
OB,incident,0.5,qarca,125,0.8176971428571428,0.285247006161634,0.8787200000000001,0.7112,0.9112,0.98,0.05079999999999999,53.009494240116325,0.5000001190736444,0.0255132678462286
OB,incident,0.5,qarca_no_incident_train,125,0.4648853968253968,0.2860519257553322,0.52,0.2632,0.5464,0.7096,0.2372310708898944,52.757090400578456,0.5000001190736444,0.025585262043345828
OB,incident,0.5,qarca_no_quality,125,0.41102666666666665,0.2562320027183117,0.46768,0.1992,0.4864,0.6872,0.2613493212669683,52.587998720258476,0.5000001190736444,0.022918087043562234
OB,incident,0.5,qarca_no_quality_original,125,0.374153189033189,0.25826090980327265,0.4104,0.176,0.428,0.6152000000000001,0.30964524886877826,52.58826768044382,0.5000001190736444,0.02309955801004238
OB,incident,0.5,qarca_original_train,125,0.0926574492174492,0.01889317178650503,0.0032000000000000006,0.0,0.0,0.0128,0.8426926093514329,52.80296448017471,0.5000001190736444,0.0016898566570082557
OB,incident,0.5,qarca_quality_only,125,0.8484819047619048,0.25574231844388734,0.90624,0.752,0.9456,0.9872000000000001,0.03919999999999999,52.37390087991953,0.5000001190736444,0.02287428835055721
OB,incident,0.5,qarca_structural_only,125,0.14720000000000003,0.1817962938926926,0.0688,0.04,0.088,0.088,0.6897737556561087,52.24403960010968,0.5000001190736444,0.01626035484806362
OB,none,0.0,baro,125,0.8514666666666667,0.26767296689113207,0.9056000000000001,0.752,0.928,0.984,0.03933333333333333,78.0027591958642,0.0,0.02394139798830487
OB,none,0.0,median_shift,125,0.7170666666666666,0.30652597286854955,0.8336,0.52,0.904,0.984,0.06928205128205127,13.59522000234574,0.0,0.027416516488133317
OB,none,0.0,nsigma,125,0.8541333333333333,0.27348192918618563,0.9007999999999999,0.768,0.936,0.976,0.041333333333333326,67.79205360077322,0.0,0.02446096737112379
OB,none,0.0,qarca,125,0.8894666666666667,0.24656725692269027,0.9248,0.824,0.928,0.992,0.03133333333333333,56.76046560239047,0.0,0.02205364590019164
OB,none,0.0,qarca_no_incident_train,125,0.8890666666666667,0.24765118839026623,0.9232,0.824,0.928,0.992,0.031999999999999994,54.94022400258109,0.0,0.02215059567796968
OB,none,0.0,qarca_no_quality,125,0.8810666666666667,0.2511206424428941,0.9232,0.808,0.936,1.0,0.031999999999999994,54.765116799622774,0.0,0.0224609130822292
OB,none,0.0,qarca_no_quality_original,125,0.8894666666666667,0.24656725692269027,0.9248,0.824,0.928,0.992,0.03133333333333333,54.75028719799593,0.0,0.02205364590019164
OB,none,0.0,qarca_original_train,125,0.8890666666666667,0.2476511883902662,0.9232,0.824,0.928,0.992,0.031999999999999994,54.979494403116405,0.0,0.022150595677969676
OB,none,0.0,qarca_quality_only,125,0.14720000000000003,0.1817962938926926,0.0688,0.04,0.088,0.088,0.6897737556561087,54.47436959948391,0.0,0.01626035484806362
OB,none,0.0,qarca_structural_only,125,0.14720000000000003,0.1817962938926926,0.0688,0.04,0.088,0.088,0.6897737556561087,54.35257280012593,0.0,0.01626035484806362
OB,point,0.1,baro,125,0.85156,0.26682872629390414,0.9056000000000001,0.752,0.928,0.984,0.03933333333333333,71.81176687916741,0.10000016523843418,0.023865886813714206
OB,point,0.1,median_shift,125,0.7156266666666666,0.30123942477608506,0.83408,0.5144,0.9047999999999999,0.984,0.06908205128205126,13.560367120290175,0.10000016523843418,0.026943673252090423
OB,point,0.1,nsigma,125,0.8524533333333334,0.274460416873012,0.8996799999999999,0.7664,0.936,0.9776,0.04179999999999999,59.45754423928447,0.10000016523843418,0.0245484859704394
OB,point,0.1,qarca,125,0.8905599999999999,0.24258113448913507,0.92464,0.8264,0.9312,0.9896,0.0314,54.328640080895276,0.10000016523843418,0.02169711627106899
OB,point,0.1,qarca_no_incident_train,125,0.8899866666666667,0.24283924797779896,0.92496,0.824,0.9312,0.992,0.031266666666666665,54.09208279945888,0.10000016523843418,0.021720202643331472
OB,point,0.1,qarca_no_quality,125,0.8830666666666667,0.24380389763453758,0.92544,0.8104,0.9408,0.9992000000000001,0.031066666666666663,53.90470224088058,0.10000016523843418,0.021806483531609046
OB,point,0.1,qarca_no_quality_original,125,0.892,0.24173247157471425,0.92656,0.8272,0.928,0.992,0.030599999999999995,53.89562167921103,0.10000016523843418,0.021621209552403868
OB,point,0.1,qarca_original_train,125,0.8904342857142857,0.2431377893795767,0.92576,0.8264,0.9376,0.992,0.030999999999999993,54.12689952100627,0.10000016523843418,0.021746904998070395
OB,point,0.1,qarca_quality_only,125,0.25292603174603173,0.18210582548486923,0.25376000000000004,0.0568,0.24880000000000002,0.4688,0.3977562594268476,53.6740129600279,0.10000016523843418,0.016288040195315247
OB,point,0.1,qarca_structural_only,125,0.14720000000000003,0.1817962938926926,0.0688,0.04,0.088,0.088,0.6897737556561087,53.54529711902141,0.10000016523843418,0.01626035484806362
OB,point,0.3,baro,125,0.8517733333333333,0.2644783992236681,0.90528,0.752,0.9256,0.984,0.039466666666666664,71.80154088078999,0.29999978859677606,0.023655667169777978
OB,point,0.3,median_shift,125,0.71536,0.2967505155156117,0.83488,0.5136000000000001,0.9112,0.9863999999999999,0.06874871794871794,13.348702559247613,0.29999978859677606,0.026542173002040554
OB,point,0.3,nsigma,125,0.85464,0.2727767398822497,0.90128,0.7696000000000001,0.936,0.9792000000000001,0.04113333333333333,59.543915518652646,0.29999978859677606,0.02439789332229953
OB,point,0.3,qarca,125,0.8904133333333333,0.24039372349108204,0.92496,0.8248,0.9296,0.9904,0.031266666666666665,53.32307831970975,0.29999978859677606,0.0215014682836139
OB,point,0.3,qarca_no_incident_train,125,0.8890666666666667,0.24275684768256117,0.92512,0.8216,0.9304,0.9944,0.031199999999999995,53.06333071920089,0.29999978859677606,0.02171283253687076
OB,point,0.3,qarca_no_quality,125,0.8862533333333333,0.2402527842885966,0.92704,0.816,0.944,0.9952000000000001,0.030399999999999996,52.91250487975776,0.29999978859677606,0.021488862298115814
OB,point,0.3,qarca_no_quality_original,125,0.8935866666666668,0.23934714220204667,0.92816,0.8296,0.9296,0.9944,0.02993333333333333,52.875645039230584,0.29999978859677606,0.021407859207363402
OB,point,0.3,qarca_original_train,125,0.8878133333333332,0.24357757811247688,0.92448,0.8232,0.9344,0.9936,0.031466666666666664,53.13334711915813,0.29999978859677606,0.021786240898170526
OB,point,0.3,qarca_quality_only,125,0.2544238095238095,0.1645045485510897,0.25552,0.056,0.2496,0.4712,0.39293604826546,52.63861983986571,0.29999978859677606,0.014713734126726044
OB,point,0.3,qarca_structural_only,125,0.14720000000000003,0.1817962938926926,0.0688,0.04,0.088,0.088,0.6897737556561087,52.53277167971246,0.29999978859677606,0.01626035484806362
OB,point,0.5,baro,125,0.85276,0.2596761064994975,0.90624,0.7544,0.9272,0.9848,0.039066666666666666,71.50298663955182,0.5000001190736444,0.023226137050614055
OB,point,0.5,median_shift,125,0.7189066666666666,0.2911105377022451,0.83824,0.516,0.9128,0.9872000000000001,0.06737435897435895,13.126426799641923,0.5000001190736444,0.026037718050749416
OB,point,0.5,nsigma,125,0.85568,0.2690828122653523,0.9032,0.7696000000000001,0.9376,0.9823999999999999,0.040333333333333325,59.336468159314244,0.5000001190736444,0.024067498392085676
OB,point,0.5,qarca,125,0.89046,0.23835146032276128,0.92512,0.8256,0.9288,0.9912000000000001,0.03133333333333333,54.30938439941965,0.5000001190736444,0.021318802712721525
OB,point,0.5,qarca_no_incident_train,125,0.8879866666666667,0.24274880965272236,0.92496,0.8208,0.932,0.9936,0.031266666666666665,54.04766023904085,0.5000001190736444,0.02171211359362577
OB,point,0.5,qarca_no_quality,125,0.8896933333333333,0.23707138120183602,0.9272,0.824,0.9384,0.996,0.03033333333333333,53.87775975945406,0.5000001190736444,0.021204308955482844
OB,point,0.5,qarca_no_quality_original,125,0.8971733333333333,0.23639762308601345,0.92976,0.8368,0.9328,0.9927999999999999,0.029266666666666663,53.86614831923507,0.5000001190736444,0.021144046197587987
OB,point,0.5,qarca_original_train,125,0.8881885714285714,0.23949881779389362,0.9264,0.8224,0.9424,0.992,0.030799999999999994,54.095822479994965,0.5000001190736444,0.021421425484719293
OB,point,0.5,qarca_quality_only,125,0.2572606926406926,0.1677781580782798,0.25008,0.0704,0.24159999999999998,0.4512,0.40189954751131224,53.63656247896142,0.5000001190736444,0.015006534664109564
OB,point,0.5,qarca_structural_only,125,0.14720000000000003,0.1817962938926926,0.0688,0.04,0.088,0.088,0.6897737556561087,53.51337823779322,0.5000001190736444,0.01626035484806362
OB,stream,0.1,baro,125,0.8261402974802975,0.2474014919010798,0.88656,0.7168,0.9152,0.9776,0.049199999999999994,64.70838311961852,0.10293196674614535,0.02212826214502712
OB,stream,0.1,median_shift,125,0.7164273015873016,0.2827558520190139,0.8316800000000001,0.52,0.8976000000000001,0.98,0.07188205128205126,12.083056240575388,0.10293196674614535,0.025290452246015446
OB,stream,0.1,nsigma,125,0.8344352958152959,0.25459017479072016,0.88752,0.736,0.9256,0.9712000000000001,0.04886666666666666,53.69405424115248,0.10293196674614535,0.022771237489424143
OB,stream,0.1,qarca,125,0.8780304761904761,0.22323931221914975,0.9222400000000001,0.8016,0.94,0.9927999999999999,0.032666666666666656,48.68467904091813,0.10293196674614535,0.019967131094892728
OB,stream,0.1,qarca_no_incident_train,125,0.8778495238095239,0.2265252654865188,0.92016,0.8032,0.9336,0.9927999999999999,0.03346666666666666,48.47890704157762,0.10293196674614535,0.02026103568996172
OB,stream,0.1,qarca_no_quality,125,0.8639107936507936,0.2228471938761815,0.9096000000000001,0.7832,0.9264,0.988,0.038666666666666655,48.3267271200195,0.10293196674614535,0.019932058964088666
OB,stream,0.1,qarca_no_quality_original,125,0.8691031746031745,0.22093444240950252,0.91168,0.7928,0.9176,0.9872000000000001,0.03799999999999999,48.313065440487115,0.10293196674614535,0.019760977271946402
OB,stream,0.1,qarca_original_train,125,0.7485526229326229,0.20635546178161984,0.79056,0.6424,0.82,0.8784,0.11875806938159879,48.512995441025126,0.10293196674614535,0.01845699360288247
OB,stream,0.1,qarca_quality_only,125,0.24193290043290042,0.11931863098421269,0.22624,0.076,0.2496,0.3376,0.49266365007541474,48.08445792016573,0.10293196674614535,0.010672182794516488
OB,stream,0.1,qarca_structural_only,125,0.14720000000000003,0.1817962938926926,0.0688,0.04,0.088,0.088,0.6897737556561087,47.96889816103503,0.10293196674614535,0.01626035484806362
OB,stream,0.3,baro,125,0.7679031812631812,0.21075885758977717,0.8256,0.6504,0.8528,0.9336,0.08786666666666666,55.20979015957564,0.30200525739196715,0.01885084529723757
OB,stream,0.3,median_shift,125,0.6934071328671328,0.2502990532636895,0.79584,0.5064,0.8592000000000001,0.9384,0.10103076923076923,10.631543119437993,0.30200525739196715,0.022387427912058014
OB,stream,0.3,nsigma,125,0.7733149561549562,0.22434423572407264,0.832,0.6576000000000001,0.8664,0.9376,0.08386666666666666,46.322179201012474,0.30200525739196715,0.020065958457570525
OB,stream,0.3,qarca,125,0.8216481074481075,0.21158218999171854,0.87824,0.7192000000000001,0.9128,0.9703999999999999,0.05429411764705881,45.707781839277594,0.30200525739196715,0.01892448638599033
OB,stream,0.3,qarca_no_incident_train,125,0.8205505916305916,0.219721841664194,0.87152,0.7232000000000001,0.9,0.9632000000000001,0.05806666666666666,45.438906558975575,0.30200525739196715,0.019652518964103333
OB,stream,0.3,qarca_no_quality,125,0.80604,0.21459393791361697,0.85776,0.7056,0.8824,0.9504,0.06842745098039216,45.29717983920127,0.30200525739196715,0.019193865309368677
OB,stream,0.3,qarca_no_quality_original,125,0.7929480031080032,0.21123120525651556,0.84464,0.6896,0.8687999999999999,0.9376,0.07976078431372548,45.27524623898789,0.30200525739196715,0.018893093356911188
OB,stream,0.3,qarca_original_train,125,0.5632034898434898,0.17216990709701116,0.59104,0.42719999999999997,0.6112000000000001,0.7048,0.2483101055806938,45.515792158758266,0.30200525739196715,0.015399344637949617
OB,stream,0.3,qarca_quality_only,125,0.26185434787434786,0.09839744688106646,0.25312,0.0816,0.25120000000000003,0.4352,0.42536440422322774,45.030421439372006,0.30200525739196715,0.008800935201539569
OB,stream,0.3,qarca_structural_only,125,0.14720000000000003,0.1817962938926926,0.0688,0.04,0.088,0.088,0.6897737556561087,44.91813415973447,0.30200525739196715,0.01626035484806362
OB,stream,0.5,baro,125,0.7031066644466645,0.1793366699661528,0.75168,0.5808,0.7736000000000001,0.8552000000000001,0.14687058823529411,45.004792880266905,0.496288552644778,0.016040359396110503
OB,stream,0.5,median_shift,125,0.6534552824952825,0.1958638514568342,0.72784,0.4888,0.78,0.8463999999999999,0.1622021116138763,8.864997439924627,0.496288552644778,0.017518595447696097
OB,stream,0.5,nsigma,125,0.6996514640914641,0.18329942638082847,0.7504,0.5736,0.7792,0.8568,0.1455372549019608,38.69813879975118,0.496288552644778,0.016394799104970027
OB,stream,0.5,qarca,125,0.7462330913530913,0.18185362635580907,0.79488,0.632,0.8144,0.9008,0.10869411764705882,41.63049808028154,0.496288552644778,0.016265482819457458
OB,stream,0.5,qarca_no_incident_train,125,0.7432131113331113,0.1815692632219186,0.78704,0.632,0.8136,0.8824,0.11326153846153846,41.36597496010363,0.496288552644778,0.0162400486075505
OB,stream,0.5,qarca_no_quality,125,0.7393127561327562,0.17963606511092192,0.7758400000000001,0.6336,0.8048,0.8576,0.12114268476621418,41.21136231836863,0.496288552644778,0.016067138111943987
OB,stream,0.5,qarca_no_quality_original,125,0.711458093018093,0.1614029309512301,0.7529600000000001,0.5943999999999999,0.7864,0.8392000000000001,0.14310799396681748,41.17898800014518,0.496288552644778,0.01443631701498621
OB,stream,0.5,qarca_original_train,125,0.40936417948065007,0.11773306343473432,0.42528,0.24880000000000002,0.4224,0.6032000000000001,0.34225067873303167,41.42238431903534,0.496288552644778,0.010530365321574432
OB,stream,0.5,qarca_quality_only,125,0.2621784704184704,0.08714018623973936,0.26528,0.0712,0.26,0.4752,0.4087131221719457,40.95949775949121,0.496288552644778,0.007794055200161959
OB,stream,0.5,qarca_structural_only,125,0.14720000000000003,0.1817962938926926,0.0688,0.04,0.088,0.088,0.6897737556561087,40.83325632004998,0.496288552644778,0.01626035484806362
SS,burst,0.1,baro,125,0.40851460317460314,0.27558411006660427,0.49776,0.1752,0.4904,0.8048,0.12170718614718612,401.78049695966763,0.10001333715196477,0.024648992145108448
SS,burst,0.1,median_shift,125,0.5906904761904761,0.31207382313354065,0.7216,0.35760000000000003,0.7976,0.9368,0.06559549783549781,116.9685545604676,0.10001333715196477,0.027912731300993733
SS,burst,0.1,nsigma,125,0.7514266666666666,0.2834415277294015,0.8683200000000001,0.5608,0.9432,0.9927999999999999,0.03083999999999999,332.3281335205771,0.10001333715196477,0.025351780945973335
SS,burst,0.1,qarca,125,0.9406179710144928,0.19436440531166624,0.9544,0.9144,0.964,0.968,0.03509090909090909,532.873825199809,0.10001333715196477,0.017384480907328276
SS,burst,0.1,qarca_no_incident_train,125,0.9367913043478261,0.20268357876486773,0.95248,0.908,0.964,0.968,0.03552727272727273,532.4142456806264,0.10001333715196477,0.018128570401647084
SS,burst,0.1,qarca_no_quality,125,0.9493913043478261,0.18887334101134187,0.95904,0.9304,0.968,0.968,0.03403636363636363,532.247390481038,0.10001333715196477,0.01689334518555437
SS,burst,0.1,qarca_no_quality_original,125,0.909191304347826,0.23617461066127757,0.93664,0.8623999999999999,0.96,0.968,0.03916363636363636,532.207630799571,0.10001333715196477,0.021124099359926526
SS,burst,0.1,qarca_original_train,125,0.8836979710144928,0.24456577890884929,0.92288,0.82,0.9576,0.968,0.04229454545454545,532.4989748003893,0.10001333715196477,0.02187462826441485
SS,burst,0.1,qarca_quality_only,125,0.4164352380952381,0.21736734826526566,0.46128,0.2144,0.4496,0.7056,0.13765056277056276,531.8780489598867,0.10001333715196477,0.0194419266724002
SS,burst,0.1,qarca_structural_only,125,0.28413333333333335,0.1199024394333946,0.3984,0.008,0.44,0.864,0.1383619047619047,531.6767462401651,0.10001333715196477,0.010724400209644868
SS,burst,0.3,baro,125,0.30642695304695305,0.1974169472249491,0.30016000000000004,0.1368,0.308,0.4496,0.23828709956709954,393.5945590401534,0.3000163212467645,0.017657508556218986
SS,burst,0.3,median_shift,125,0.5276638961038961,0.27957230747423883,0.65952,0.2824,0.7367999999999999,0.9024,0.0823664069264069,115.2303580803331,0.3000163212467645,0.02500570736555482
SS,burst,0.3,nsigma,125,0.7402266666666667,0.2678424468677173,0.8579199999999999,0.5504,0.9432,0.9927999999999999,0.033254545454545446,325.9766828802414,0.3000163212467645,0.023956556738243658
SS,burst,0.3,qarca,125,0.9320417391304348,0.1829976561369618,0.9505600000000001,0.8984,0.9632000000000001,0.9696,0.03473090909090909,540.3515035992954,0.3000163212467645,0.016367807953815126
SS,burst,0.3,qarca_no_incident_train,125,0.9434817391304348,0.18429301479184848,0.95696,0.9184,0.9688,0.9696,0.03327272727272727,539.9500654387288,0.3000163212467645,0.016483668354117898
SS,burst,0.3,qarca_no_quality,125,0.9474550724637681,0.17838418008960955,0.9584,0.9272,0.9696,0.9696,0.03294545454545455,539.7812587198802,0.3000163212467645,0.015955166111637258
SS,burst,0.3,qarca_no_quality_original,125,0.9130817391304348,0.2143532416725124,0.94208,0.864,0.9672000000000001,0.9696,0.03669818181818182,539.7354247977491,0.3000163212467645,0.01917233678308714
SS,burst,0.3,qarca_original_train,125,0.8971484057971014,0.20991005664813997,0.93344,0.8376,0.9663999999999999,0.9696,0.038676363636363634,540.0159431999084,0.3000163212467645,0.018774926233042905
SS,burst,0.3,qarca_quality_only,125,0.40766285714285716,0.21829716970049468,0.44144,0.21359999999999998,0.4408,0.6752,0.14517108225108222,539.3477064778563,0.3000163212467645,0.01952509242984454
SS,burst,0.3,qarca_structural_only,125,0.28413333333333335,0.1199024394333946,0.3984,0.008,0.44,0.864,0.1383619047619047,539.18769623884,0.3000163212467645,0.010724400209644868
SS,burst,0.5,baro,125,0.2610050393500548,0.17677811440537133,0.28512,0.084,0.2944,0.4688,0.3001975757575758,383.27417727974245,0.5000488740368619,0.015811515229785803
SS,burst,0.5,median_shift,125,0.3002177747742454,0.18736742986160665,0.37088,0.0656,0.37360000000000004,0.6688,0.18286112554112552,114.02891815970652,0.5000488740368619,0.016758652397599057
SS,burst,0.5,nsigma,125,0.7066539682539683,0.22373803097062636,0.82336,0.5136000000000001,0.9,0.9783999999999999,0.04264277056277055,318.5566712801345,0.5000488740368619,0.02001173785609095
SS,burst,0.5,qarca,125,0.7993171014492754,0.1913274297085061,0.8798400000000001,0.6648,0.9328,0.9648,0.05473090909090908,544.065243039094,0.5000488740368619,0.017112845551541297
SS,burst,0.5,qarca_no_incident_train,125,0.8060980538302277,0.1939740063860258,0.88432,0.6752,0.9392,0.9623999999999999,0.05373090909090908,543.7132015196606,0.5000488740368619,0.01734956256588528
SS,burst,0.5,qarca_no_quality,125,0.8262180538302277,0.1952026665882374,0.89376,0.712,0.9408,0.9608,0.05155809523809523,543.480159440823,0.5000488740368619,0.01745945727522103
SS,burst,0.5,qarca_no_quality_original,125,0.6766647204968943,0.19610247463750594,0.80064,0.4712,0.8832000000000001,0.9552,0.07309610389610388,543.4719319193158,0.5000488740368619,0.01753993855381567
SS,burst,0.5,qarca_original_train,125,0.6614012284334023,0.19299523447450148,0.7872,0.45039999999999997,0.8632000000000001,0.952,0.07637610389610387,543.7165080805775,0.5000488740368619,0.017262018544739847
SS,burst,0.5,qarca_quality_only,125,0.3758069852369852,0.1258008149484947,0.41744,0.1728,0.428,0.6304,0.17078683982683981,543.0566760801245,0.5000488740368619,0.011251966953988234
SS,burst,0.5,qarca_structural_only,125,0.28413333333333335,0.1199024394333946,0.3984,0.008,0.44,0.864,0.1383619047619047,542.8651000802405,0.5000488740368619,0.010724400209644868
SS,incident,0.1,baro,125,0.39944190286837344,0.2867186455053975,0.47696000000000005,0.172,0.4928,0.7424,0.14231670995670992,424.08161992048844,0.09999987666217999,0.02564489527066933
SS,incident,0.1,median_shift,125,0.6170691851285969,0.3373497585683167,0.7017599999999999,0.4352,0.7496,0.8528,0.098577316017316,127.29280199995264,0.09999987666217999,0.03017347969407593
SS,incident,0.1,nsigma,125,0.646587307604676,0.34510295895869064,0.724,0.4776,0.7792,0.8408,0.09583636363636362,356.80809400067665,0.09999987666217999,0.030866947018718092
SS,incident,0.1,qarca,125,0.9692666666666666,0.1118004735148121,0.98464,0.944,0.9912000000000001,1.0,0.0035199999999999975,537.642356878426,0.09999987666217999,0.009999738347831386
SS,incident,0.1,qarca_no_incident_train,125,0.8315911111111111,0.2714941822210792,0.876,0.7456,0.904,0.9616,0.03055999999999999,537.2421735191717,0.09999987666217999,0.024283177877681913
SS,incident,0.1,qarca_no_quality,125,0.8290257142857143,0.279770438304992,0.8619199999999999,0.752,0.8784,0.944,0.0338290909090909,537.0560143995565,0.09999987666217999,0.025023428725794924
SS,incident,0.1,qarca_no_quality_original,125,0.7958634720834721,0.28879401143494193,0.84912,0.6896,0.8824,0.948,0.03832363636363635,537.0093530396931,0.09999987666217999,0.02583052164253527
SS,incident,0.1,qarca_original_train,125,0.5753532016280933,0.41456384407484215,0.5734400000000001,0.48319999999999996,0.5824,0.6592,0.1820690909090909,537.294290959835,0.09999987666217999,0.037079717454598815
SS,incident,0.1,qarca_quality_only,125,0.41718571428571427,0.3090994581658184,0.48528,0.204,0.4744,0.7816000000000001,0.12502303030303027,536.6539808001369,0.09999987666217999,0.027646696010684896
SS,incident,0.1,qarca_structural_only,125,0.28413333333333335,0.1199024394333946,0.3984,0.008,0.44,0.864,0.1383619047619047,536.4740183189977,0.09999987666217999,0.010724400209644868
SS,incident,0.3,baro,125,0.17429090216509383,0.17932375070693002,0.136,0.0432,0.1408,0.2312,0.4199506493506493,410.7986953605432,0.299999989254881,0.01603920386243686
SS,incident,0.3,median_shift,125,0.19029567997877592,0.16127916522555336,0.14496,0.052,0.144,0.244,0.36116138528138525,127.24429239956662,0.299999989254881,0.0144252470719503
SS,incident,0.3,nsigma,125,0.14735233770013953,0.16252286133537483,0.10944,0.032,0.10640000000000001,0.18480000000000002,0.49342545454545456,344.37555736005305,0.299999989254881,0.014536486633746813
SS,incident,0.3,qarca,125,0.8838019047619048,0.2288352086290211,0.9232,0.812,0.9472,0.9823999999999999,0.017719999999999993,543.2044473579153,0.299999989254881,0.020467643285593504
SS,incident,0.3,qarca_no_incident_train,125,0.41578742590742584,0.2630125375463415,0.49312,0.19519999999999998,0.516,0.7664,0.12985454545454544,542.789822478732,0.299999989254881,0.023524556515533413
SS,incident,0.3,qarca_no_quality,125,0.42447968253968255,0.2591316479162899,0.50544,0.2024,0.5144,0.8104,0.1192072727272727,542.553777678404,0.299999989254881,0.023177439194494637
SS,incident,0.3,qarca_no_quality_original,125,0.33095083139083137,0.24042710385057398,0.36816000000000004,0.1248,0.3488,0.6648,0.16794181818181814,542.50925615835,0.299999989254881,0.021504453913731392
SS,incident,0.3,qarca_original_train,125,0.17557339867099592,0.15208103082407698,0.13328,0.026400000000000003,0.1184,0.2768,0.3509264069264069,542.8243510397617,0.299999989254881,0.013602540920435079
SS,incident,0.3,qarca_quality_only,125,0.734124126984127,0.33289408349308025,0.78832,0.6016,0.8272,0.888,0.05333679653679652,542.1514160788153,0.299999989254881,0.029774951999920723
SS,incident,0.3,qarca_structural_only,125,0.28413333333333335,0.1199024394333946,0.3984,0.008,0.44,0.864,0.1383619047619047,541.9844538375735,0.299999989254881,0.010724400209644868
SS,incident,0.5,baro,125,0.17397605775254044,0.17111727225479584,0.13792,0.0448,0.1352,0.2288,0.43378978354978354,403.8225075998809,0.5000000464346396,0.015305194115442488
SS,incident,0.5,median_shift,125,0.17216341288914044,0.11237603111758526,0.11488,0.0376,0.10160000000000001,0.21680000000000002,0.36353852813852816,127.06728719994426,0.5000000464346396,0.010051217784822092
SS,incident,0.5,nsigma,125,0.16215798797349879,0.1948522537171761,0.13216,0.0512,0.1296,0.2112,0.5196987012987013,340.71136319977234,0.5000000464346396,0.017428115395225673
SS,incident,0.5,qarca,125,0.8202457142857142,0.26217866374406695,0.87824,0.7152000000000001,0.9007999999999999,0.9752000000000001,0.028261818181818173,551.4435052008834,0.5000000464346396,0.02344997257527173
SS,incident,0.5,qarca_no_incident_train,125,0.3853235209235209,0.24197711990694634,0.44912,0.1672,0.4504,0.7416,0.1388581818181818,551.0210309611168,0.5000000464346396,0.021643091564461984
SS,incident,0.5,qarca_no_quality,125,0.4123647619047619,0.22388544635048882,0.5072,0.1688,0.5312,0.8016,0.11903272727272725,550.8236410395242,0.5000000464346396,0.020024923088503007
SS,incident,0.5,qarca_no_quality_original,125,0.33010019092019094,0.21443037886895996,0.37744,0.1144,0.3488,0.6968,0.1628290909090909,550.76398511976,0.5000000464346396,0.019179236143681156
SS,incident,0.5,qarca_original_train,125,0.2586107591101709,0.2051307068282755,0.26208,0.07360000000000001,0.2544,0.4792,0.24499896103896102,551.0460115185473,0.5000000464346396,0.01834744818962417
SS,incident,0.5,qarca_quality_only,125,0.7561997402597402,0.30997631593065766,0.81584,0.6304,0.8583999999999999,0.9144,0.04819203463203462,550.4642311987467,0.5000000464346396,0.02772512455343606
SS,incident,0.5,qarca_structural_only,125,0.28413333333333335,0.1199024394333946,0.3984,0.008,0.44,0.864,0.1383619047619047,550.2371696800459,0.5000000464346396,0.010724400209644868
SS,none,0.0,baro,125,0.4209269841269841,0.29846919516583725,0.5104000000000001,0.184,0.512,0.8,0.11767099567099563,478.9416271978989,0.0,0.026695896383218547
SS,none,0.0,median_shift,125,0.5981269841269841,0.32497302025485464,0.7248,0.368,0.8,0.928,0.0653264069264069,126.9566472005099,0.0,0.029066470565730838
SS,none,0.0,nsigma,125,0.7529333333333332,0.2877429159216303,0.8704,0.56,0.944,0.992,0.030327272727272713,429.98384560039267,0.0,0.025736508801790875
SS,none,0.0,qarca,125,0.9513913043478261,0.19420816666847915,0.9584,0.936,0.96,0.968,0.03418181818181818,545.4730344032869,0.0,0.017370506498253127
SS,none,0.0,qarca_no_incident_train,125,0.9440579710144927,0.2000602926918971,0.9568,0.92,0.968,0.968,0.034545454545454546,539.9711424028501,0.0,0.01789393656230345
SS,none,0.0,qarca_no_quality,125,0.9480579710144927,0.19606888596229596,0.9584,0.928,0.968,0.968,0.03418181818181818,539.7131896018982,0.0,0.017536934291373922
SS,none,0.0,qarca_no_quality_original,125,0.9096579710144927,0.23856599229600392,0.936,0.864,0.96,0.968,0.039309090909090905,539.6362463990226,0.0,0.021337991035742236
SS,none,0.0,qarca_original_train,125,0.8853913043478261,0.2648553586604824,0.9168,0.832,0.944,0.96,0.04367272727272727,539.9742472041398,0.0,0.02368938344679705
SS,none,0.0,qarca_quality_only,125,0.3575238095238095,0.3402836739407873,0.3216,0.192,0.352,0.36,0.20455757575757574,539.3932248032652,0.0,0.030435897062598964
SS,none,0.0,qarca_structural_only,125,0.28413333333333335,0.1199024394333946,0.3984,0.008,0.44,0.864,0.1383619047619047,539.0636024009436,0.0,0.010724400209644868
SS,point,0.1,baro,125,0.4208098412698413,0.29823670002183805,0.5104000000000001,0.184,0.512,0.8,0.11774389610389607,428.0152111192234,0.09999987666217999,0.026675101385361714
SS,point,0.1,median_shift,125,0.5947803174603175,0.3230351065211771,0.7223999999999999,0.3624,0.8016,0.9264,0.06576277056277054,127.53203752012924,0.09999987666217999,0.028893138292009506
SS,point,0.1,nsigma,125,0.7537333333333334,0.2866806073129451,0.87072,0.5616,0.944,0.992,0.030258181818181802,355.2419335211627,0.09999987666217999,0.02564149303130674
SS,point,0.1,qarca,125,0.9506898550724637,0.18985859337441593,0.95888,0.9336,0.9623999999999999,0.9688,0.03345454545454545,531.972614719905,0.09999987666217999,0.01698146883590741
SS,point,0.1,qarca_no_incident_train,125,0.9430231884057971,0.1976203743540434,0.9566399999999999,0.9176,0.968,0.9688,0.03396363636363636,531.3275520794559,0.09999987666217999,0.017675703631783883
SS,point,0.1,qarca_no_quality,125,0.9516231884057971,0.18741240701404013,0.9603200000000001,0.9344,0.9688,0.9688,0.03312727272727273,531.1845106394961,0.09999987666217999,0.016762675276410084
SS,point,0.1,qarca_no_quality_original,125,0.9094765217391305,0.2352937873319804,0.93664,0.8632000000000001,0.9608,0.9688,0.03854545454545455,531.1278454403858,0.09999987666217999,0.02104531612630748
SS,point,0.1,qarca_original_train,125,0.8911565217391304,0.25260460532480133,0.9236800000000001,0.8368,0.9528,0.9656,0.041490909090909085,531.433373279078,0.09999987666217999,0.022593642757430445
SS,point,0.1,qarca_quality_only,125,0.4241685714285714,0.22088989931836245,0.47104,0.2232,0.48160000000000003,0.708,0.13450303030303026,530.7868019195273,0.09999987666217999,0.019756993216757716
SS,point,0.1,qarca_structural_only,125,0.28413333333333335,0.1199024394333946,0.3984,0.008,0.44,0.864,0.1383619047619047,530.5602067983243,0.09999987666217999,0.010724400209644868
SS,point,0.3,baro,125,0.4208593650793651,0.296687615929283,0.51056,0.18480000000000002,0.5064,0.8048,0.1177129004329004,432.9993372802157,0.299999989254881,0.026536547092009047
SS,point,0.3,median_shift,125,0.594771111111111,0.3227256028705645,0.72064,0.36319999999999997,0.8,0.924,0.06599186147186145,127.6008563188836,0.299999989254881,0.028865455443927338
SS,point,0.3,nsigma,125,0.7544666666666667,0.28620568085953924,0.87088,0.5632,0.9432,0.992,0.030218181818181804,361.1902716799174,0.299999989254881,0.025599014317941607
SS,point,0.3,qarca,125,0.9490817391304348,0.18587577162115757,0.95872,0.9296,0.964,0.9696,0.032872727272727276,540.4094392001164,0.299999989254881,0.016625234428605383
SS,point,0.3,qarca_no_incident_train,125,0.9435884057971015,0.18931039033195046,0.95696,0.9184,0.9663999999999999,0.9696,0.03327272727272727,539.9374835195019,0.299999989254881,0.016932436065170406
SS,point,0.3,qarca_no_quality,125,0.9493217391304348,0.18609578271396537,0.95968,0.9296,0.9696,0.9696,0.03265454545454546,539.7838575189002,0.299999989254881,0.016644912818978275
SS,point,0.3,qarca_no_quality_original,125,0.9106417391304348,0.23104435325787104,0.93792,0.864,0.9616,0.9696,0.037636363636363634,539.7373459992465,0.299999989254881,0.020665235188082984
SS,point,0.3,qarca_original_train,125,0.8907884057971014,0.24391595750490527,0.92816,0.8296,0.9568,0.9696,0.03985454545454545,540.0321595994756,0.299999989254881,0.021816506471116725
SS,point,0.3,qarca_quality_only,125,0.4031742857142857,0.22611689620179556,0.43168,0.21120000000000003,0.4328,0.6544,0.14636484848484846,539.3048309602309,0.299999989254881,0.020224510030739155
SS,point,0.3,qarca_structural_only,125,0.28413333333333335,0.1199024394333946,0.3984,0.008,0.44,0.864,0.1383619047619047,539.1619938407559,0.299999989254881,0.010724400209644868
SS,point,0.5,baro,125,0.42147555555555555,0.294974334411143,0.5118400000000001,0.184,0.508,0.808,0.11761142857142855,428.9245980000589,0.5000000464346396,0.026383306534442846
SS,point,0.5,median_shift,125,0.595771111111111,0.3201435195561663,0.72288,0.364,0.7992,0.9288,0.0654864069264069,123.32091400013306,0.5000000464346396,0.028634506891344846
SS,point,0.5,nsigma,125,0.7523333333333334,0.2840511148407869,0.86912,0.5608,0.9416,0.992,0.03062181818181817,359.38035215996206,0.5000000464346396,0.02540630407474395
SS,point,0.5,qarca,125,0.9516440579710145,0.1735166992034685,0.9616,0.932,0.968,0.972,0.030363636363636363,561.918636560347,0.5000000464346396,0.015519805386013566
SS,point,0.5,qarca_no_incident_train,125,0.9444840579710145,0.18246719910728965,0.95888,0.9176,0.968,0.972,0.030981818181818176,561.4976656804793,0.5000000464346396,0.016320362434715543
SS,point,0.5,qarca_no_quality,125,0.9531507246376811,0.17546526975799726,0.96256,0.9352,0.9712000000000001,0.972,0.030145454545454545,561.326214240212,0.5000000464346396,0.015694090834768797
SS,point,0.5,qarca_no_quality_original,125,0.9133640579710145,0.22428416120608718,0.94096,0.8672000000000001,0.964,0.972,0.03509090909090909,561.2858813589904,0.5000000464346396,0.020060585229333287
SS,point,0.5,qarca_original_train,125,0.9030173913043478,0.22781956501995124,0.93616,0.848,0.96,0.972,0.03618181818181818,561.4930557599757,0.5000000464346396,0.020376801359561766
SS,point,0.5,qarca_quality_only,125,0.39797714285714286,0.23058868881496924,0.42048,0.208,0.4184,0.6392,0.14985800865800863,560.8591688795947,0.5000000464346396,0.020624479321312665
SS,point,0.5,qarca_structural_only,125,0.28413333333333335,0.1199024394333946,0.3984,0.008,0.44,0.864,0.1383619047619047,560.7446993594524,0.5000000464346396,0.010724400209644868
SS,stream,0.1,baro,125,0.4278374603174603,0.2830540321958206,0.52992,0.1864,0.5416,0.848,0.11228190476190472,392.81229711957275,0.10050899174295445,0.025317122291810754
SS,stream,0.1,median_shift,125,0.612463492063492,0.313803674097872,0.7372799999999999,0.3872,0.808,0.9392,0.061719134199134176,115.37445215913468,0.10050899174295445,0.02806745387488127
SS,stream,0.1,nsigma,125,0.7641733333333333,0.2714942410790109,0.87664,0.5816,0.9472,0.9952000000000001,0.02885264069264068,329.2858640797902,0.10050899174295445,0.024283183142095367
SS,stream,0.1,qarca,125,0.9449750724637681,0.18109962292763426,0.95616,0.9232,0.9632000000000001,0.9696,0.03345454545454545,503.29109119982456,0.10050899174295445,0.016198042702630786
SS,stream,0.1,qarca_no_incident_train,125,0.9443484057971014,0.18122698097295684,0.95648,0.9208,0.9632000000000001,0.9696,0.03338181818181817,502.90700503923,0.10050899174295445,0.016209433952503696
SS,stream,0.1,qarca_no_quality,125,0.9434550724637681,0.1854358893976709,0.95616,0.92,0.9663999999999999,0.9696,0.03345454545454545,502.7339368016459,0.10050899174295445,0.016585890166452986
SS,stream,0.1,qarca_no_quality_original,125,0.9053884057971014,0.22493556713051593,0.93504,0.8552000000000001,0.9584,0.9696,0.03830181818181818,502.6610487997532,0.10050899174295445,0.020118848746452037
SS,stream,0.1,qarca_original_train,125,0.8830150724637681,0.22872917574475168,0.9224,0.8168,0.9504,0.9688,0.041178181818181815,502.9694903204683,0.10050899174295445,0.020458159416110434
SS,stream,0.1,qarca_quality_only,125,0.38422476190476185,0.128384412700589,0.42607999999999996,0.1768,0.4224,0.6712,0.1481341991341991,502.29662231989204,0.10050899174295445,0.011483050961996174
SS,stream,0.1,qarca_structural_only,125,0.28413333333333335,0.1199024394333946,0.3984,0.008,0.44,0.864,0.1383619047619047,502.0974684792571,0.10050899174295445,0.010724400209644868
SS,stream,0.3,baro,125,0.44833492063492064,0.2550301245383635,0.57312,0.196,0.5983999999999999,0.896,0.10202926406926405,344.2069639201276,0.29989850194022183,0.022810587791120718
SS,stream,0.3,median_shift,125,0.6298063492063491,0.2782541784943835,0.75552,0.4064,0.8304,0.9504,0.05730458874458872,100.27903248001822,0.29989850194022183,0.024887810325472062
SS,stream,0.3,nsigma,125,0.7678252380952381,0.244952323802216,0.87488,0.5936,0.9416,0.9936,0.02981229437229436,292.16735368086955,0.29989850194022183,0.021909201890731787
SS,stream,0.3,qarca,125,0.9298301449275362,0.16295372499836552,0.95232,0.8912,0.9688,0.976,0.029418181818181816,439.178619038593,0.29989850194022183,0.014575024251326084
SS,stream,0.3,qarca_no_incident_train,125,0.9341368115942029,0.1602187569827502,0.9545600000000001,0.8984,0.9672000000000001,0.976,0.02889454545454545,438.8542500782758,0.29989850194022183,0.01433040127535794
SS,stream,0.3,qarca_no_quality,125,0.9370034782608695,0.15368304983645495,0.95552,0.9047999999999999,0.968,0.976,0.02867272727272727,438.60885471971704,0.29989850194022183,0.013745829856952047
SS,stream,0.3,qarca_no_quality_original,125,0.8885133195307109,0.1966480970879461,0.92496,0.8264,0.9512,0.9703999999999999,0.03593090909090908,438.56520303953437,0.29989850194022183,0.017588740509385036
SS,stream,0.3,qarca_original_train,125,0.8494657293431206,0.20487724120662973,0.8998400000000001,0.764,0.9368,0.9656,0.042418181818181806,438.8663741598837,0.29989850194022183,0.018324777535225805
SS,stream,0.3,qarca_quality_only,125,0.35512167388167387,0.0934325863968453,0.39968,0.1368,0.412,0.6447999999999999,0.15739134199134197,438.2143133594189,0.29989850194022183,0.008356864579878729
SS,stream,0.3,qarca_structural_only,125,0.28413333333333335,0.1199024394333946,0.3984,0.008,0.44,0.864,0.1383619047619047,438.04166527958586,0.29989850194022183,0.010724400209644868
SS,stream,0.5,baro,125,0.4656470707070707,0.21252915825537405,0.60848,0.2016,0.6624,0.9104,0.09510545454545452,285.1853260002099,0.4994123662597612,0.019009185802393077
SS,stream,0.5,median_shift,125,0.6606585714285714,0.2355779582649994,0.78224,0.45439999999999997,0.8488,0.9696,0.05082926406926405,83.56757663879543,0.4994123662597612,0.02107073314724588
SS,stream,0.5,nsigma,125,0.7740758241758242,0.20547884100486413,0.86672,0.6184,0.9264,0.98,0.033155324675324664,249.25531679973938,0.4994123662597612,0.018378586256989893
SS,stream,0.5,qarca,125,0.9122727536231884,0.13394733324945035,0.94224,0.8616,0.9592,0.9832000000000001,0.024410909090909087,380.54849616279824,0.4994123662597612,0.011980613702023551
SS,stream,0.5,qarca_no_incident_train,125,0.9171660869565218,0.13176527020720238,0.94448,0.8712000000000001,0.9623999999999999,0.9832000000000001,0.023872727272727268,380.17987424153836,0.4994123662597612,0.011785444050277292
SS,stream,0.5,qarca_no_quality,125,0.9167937060041408,0.12846074690216877,0.94128,0.8727999999999999,0.9568,0.9792000000000001,0.02455445887445887,379.97673248108475,0.4994123662597612,0.011489878500545796
SS,stream,0.5,qarca_no_quality_original,125,0.84951119518163,0.16428956489525864,0.89568,0.7672,0.928,0.9663999999999999,0.03586337662337662,379.95679687969385,0.4994123662597612,0.014694505403986457
SS,stream,0.5,qarca_original_train,125,0.8112377641681989,0.18019736030921077,0.85984,0.7168,0.888,0.9432,0.046305108225108214,380.2210010405164,0.4994123662597612,0.01611734188069671
SS,stream,0.5,qarca_quality_only,125,0.34162193140193137,0.08732083440973132,0.38592000000000004,0.1264,0.3896,0.6367999999999999,0.1710612987012987,379.59166616196745,0.4994123662597612,0.007810212863686478
SS,stream,0.5,qarca_structural_only,125,0.28413333333333335,0.1199024394333946,0.3984,0.008,0.44,0.864,0.1383619047619047,379.4212721611373,0.4994123662597612,0.010724400209644868
TT,burst,0.1,baro,125,0.3232141522074641,0.3203379188910915,0.32032,0.18159999999999998,0.34,0.42560000000000003,0.09899734639722389,702.9474124801811,0.10000054908254073,0.028651894496451783
TT,burst,0.1,median_shift,125,0.1821392904224452,0.1842075274154985,0.17648,0.028,0.1896,0.296,0.1327853031230863,193.50655912030487,0.10000054908254073,0.01647602213072843
TT,burst,0.1,nsigma,125,0.6721172173994914,0.34775818373229583,0.75024,0.516,0.7784,0.9256,0.023559420289855065,576.2913531995379,0.10000054908254073,0.031104437542291
TT,burst,0.1,qarca,125,0.8378049905649906,0.2680927672144087,0.88288,0.7536,0.908,0.9672000000000001,0.009379710144927533,4823.0668263203,0.10000054908254073,0.023978946070697792
TT,burst,0.1,qarca_no_incident_train,125,0.8361244014808721,0.2815362675397147,0.8832000000000001,0.752,0.9112,0.9743999999999999,0.009669565217391303,4822.5089087184515,0.10000054908254073,0.025181369294014783
TT,burst,0.1,qarca_no_quality,125,0.8443112576965518,0.2876005230159505,0.8769600000000001,0.7744,0.896,0.9376,0.01365797101449275,4822.371409678832,0.10000054908254073,0.025723772793126327
TT,burst,0.1,qarca_no_quality_original,125,0.8097105822935234,0.3107320577424617,0.8523200000000001,0.7248,0.8647999999999999,0.9544,0.012811594202898548,4822.369517678581,0.10000054908254073,0.027792720156021366
TT,burst,0.1,qarca_original_train,125,0.8069512815942228,0.30299842923143955,0.84624,0.7223999999999999,0.856,0.9408,0.013495652173913039,4822.648578559468,0.10000054908254073,0.027101003393486325
TT,burst,0.1,qarca_quality_only,125,0.26548096371224217,0.26338174802373565,0.26576,0.13440000000000002,0.2712,0.39280000000000004,0.14033051643192485,4822.04247399997,0.10000054908254073,0.023557579704551752
TT,burst,0.1,qarca_structural_only,125,0.257649713358439,0.3766730290341139,0.24159999999999998,0.192,0.256,0.264,0.22798611961624818,4821.872462160745,0.10000054908254073,0.033690659928441224
TT,burst,0.3,baro,125,0.2558986104331949,0.16774717779146092,0.30048,0.0976,0.32639999999999997,0.452,0.16950773627270868,700.7142564003356,0.2999970784686436,0.015003763703017986
TT,burst,0.3,median_shift,125,0.14644622813421898,0.13955038487293944,0.12944,0.016,0.13119999999999998,0.2432,0.1706111451316595,193.26221680049784,0.2999970784686436,0.012481765874486038
TT,burst,0.3,nsigma,125,0.6643425549571934,0.32642001305081336,0.7367999999999999,0.5088,0.7632000000000001,0.8927999999999999,0.025333333333333326,578.6373253596481,0.2999970784686436,0.029195893535919486
TT,burst,0.3,qarca,125,0.8190626565201797,0.2733940188930812,0.8574400000000001,0.7367999999999999,0.8824,0.9328,0.013878260869565213,2225.7321841596627,0.2999970784686436,0.02445310443547165
TT,burst,0.3,qarca_no_incident_train,125,0.8155154526175579,0.2885269429636411,0.86224,0.7248,0.888,0.9568,0.012266666666666662,2225.118838879606,0.2999970784686436,0.025806634312276245
TT,burst,0.3,qarca_no_quality,125,0.8389605292574642,0.2614136448205379,0.8756799999999999,0.7624,0.8984,0.9368,0.01382028985507246,2224.9684695998208,0.2999970784686436,0.02338154720258834
TT,burst,0.3,qarca_no_quality_original,125,0.7896700808105458,0.30653265298288196,0.83168,0.6936,0.8512000000000001,0.9296,0.015443478260869562,2224.9312482399864,0.2999970784686436,0.02741711397572311
TT,burst,0.3,qarca_original_train,125,0.7826420342635961,0.3103919946909646,0.816,0.6952,0.8344,0.9072,0.017993549704021224,2225.208273598598,0.2999970784686436,0.027762303992030026
TT,burst,0.3,qarca_quality_only,125,0.23859539075013494,0.20538331983669791,0.23472,0.10479999999999999,0.24559999999999998,0.3376,0.15218746682996528,2224.6419833598657,0.2999970784686436,0.0183700425839775
TT,burst,0.3,qarca_structural_only,125,0.257649713358439,0.3766730290341139,0.24159999999999998,0.192,0.256,0.264,0.22798611961624818,2224.4683968003837,0.2999970784686436,0.033690659928441224
TT,burst,0.5,baro,125,0.1864215810383546,0.10956097750169473,0.20752,0.0232,0.1992,0.4024,0.18943180240865481,676.581770878937,0.499991117773835,0.009799431735004579
TT,burst,0.5,median_shift,125,0.07480402865292739,0.07096711847115679,0.04368,0.0008,0.029599999999999998,0.11359999999999999,0.3096455603184323,189.49212783863769,0.499991117773835,0.006347492042751501
TT,burst,0.5,nsigma,125,0.527338933267604,0.2831253606518816,0.6096,0.332,0.6552,0.7992,0.04158497652582158,556.9761210419238,0.499991117773835,0.025323502102870054
TT,burst,0.5,qarca,125,0.5070307134781308,0.24924628064568868,0.5980800000000001,0.29519999999999996,0.648,0.792,0.04249095733823228,4781.246500240127,0.499991117773835,0.022293265066510002
TT,burst,0.5,qarca_no_incident_train,125,0.49534388223323744,0.2549037901566558,0.57824,0.2864,0.6336,0.76,0.04581343131251274,4780.780761600239,0.499991117773835,0.022799288100504966
TT,burst,0.5,qarca_no_quality,125,0.5571490691338543,0.25804971227558215,0.6472,0.35760000000000003,0.6992,0.82,0.038041232904674406,4780.641328959959,0.499991117773835,0.023080667928898544
TT,burst,0.5,qarca_no_quality_original,125,0.33440252160111966,0.1643190790288515,0.40192,0.11680000000000001,0.4208,0.6536000000000001,0.06678456827924065,4780.6084947205145,0.499991117773835,0.014697145228346883
TT,burst,0.5,qarca_original_train,125,0.3168081130973664,0.15276936187953494,0.37968,0.10160000000000001,0.3856,0.636,0.07047054500918552,4780.865690399846,0.499991117773835,0.013664107121676206
TT,burst,0.5,qarca_quality_only,125,0.1921343017693586,0.1251102260791704,0.17872,0.0648,0.18159999999999998,0.2896,0.17296362522963868,4780.3049463982225,0.499991117773835,0.01119019880773568
TT,burst,0.5,qarca_structural_only,125,0.257649713358439,0.3766730290341139,0.24159999999999998,0.192,0.256,0.264,0.22798611961624818,4780.186049119662,0.499991117773835,0.033690659928441224
TT,incident,0.1,baro,125,0.23078774555872536,0.2901969915540484,0.212,0.12079999999999999,0.21280000000000002,0.30319999999999997,0.20061351296182892,696.3971143193543,0.09999991077141893,0.025956007999231378
TT,incident,0.1,median_shift,125,0.14920865247045093,0.1692492371066123,0.12928,0.033600000000000005,0.1328,0.224,0.22194798938558888,196.82934632049873,0.09999991077141893,0.015138111972414596
TT,incident,0.1,nsigma,125,0.46336017672352703,0.3867365582436235,0.48848,0.3416,0.4952,0.6072000000000001,0.12604417228005713,574.5251670399681,0.09999991077141893,0.03459076934468195
TT,incident,0.1,qarca,125,0.8188781507381507,0.3011043996317512,0.85888,0.7312000000000001,0.8816,0.9328,0.013553459889773418,1030.0947655202822,0.09999991077141893,0.02693159623603433
TT,incident,0.1,qarca_no_incident_train,125,0.580718001764458,0.38015970078243994,0.6020800000000001,0.46,0.616,0.7024,0.053648336395182676,1029.567130239727,0.09999991077141893,0.034002517330220625
TT,incident,0.1,qarca_no_quality,125,0.4032626430536791,0.38378226270581633,0.4096,0.284,0.4184,0.5207999999999999,0.10181294141661562,1029.4241854389197,0.09999991077141893,0.03432652911875551
TT,incident,0.1,qarca_no_quality_original,125,0.48730115796137574,0.38783247672139415,0.5024,0.3664,0.5048,0.6192000000000001,0.07528458869156969,1029.3777892809826,0.09999991077141893,0.03468879127324568
TT,incident,0.1,qarca_original_train,125,0.3113220592953037,0.4041616427566495,0.29231999999999997,0.2512,0.2944,0.3336,0.2429410083690549,1029.6539747204165,0.09999991077141893,0.03614931628407415
TT,incident,0.1,qarca_quality_only,125,0.6132403506278798,0.37725841934332066,0.6752,0.46,0.7384,0.7767999999999999,0.04586682996529903,1029.1013112805317,0.09999991077141893,0.03374301882943146
TT,incident,0.1,qarca_structural_only,125,0.257649713358439,0.3766730290341139,0.24159999999999998,0.192,0.256,0.264,0.22798611961624818,1028.9490907199681,0.09999991077141893,0.033690659928441224
TT,incident,0.3,baro,125,0.06670661704146219,0.13615618801592197,0.0376,0.016,0.033600000000000005,0.0688,0.5183900387834253,686.9738355202601,0.3000000858154968,0.01217817967843375
TT,incident,0.3,median_shift,125,0.06994945936661522,0.07012825809010964,0.035840000000000004,0.012,0.039200000000000006,0.0592,0.3853833027148398,202.81320088081992,0.3000000858154968,0.006272462089325389
TT,incident,0.3,nsigma,125,0.05832589560349616,0.09023486943832086,0.03248,0.0032,0.032799999999999996,0.056799999999999996,0.5127144315166361,572.852340320265,0.3000000858154968,0.008070852080196148
TT,incident,0.3,qarca,125,0.7328152188953416,0.3288459242468624,0.78512,0.6136,0.804,0.9024,0.02206540110226576,1059.503579278849,0.3000000858154968,0.029412873629589224
TT,incident,0.3,qarca_no_incident_train,125,0.26930837582469536,0.27228975376803005,0.26,0.13040000000000002,0.2672,0.3624,0.12288042457644414,1058.9662102398463,0.3000000858154968,0.024354335960079788
TT,incident,0.3,qarca_no_quality,125,0.1590292025267568,0.1471694692487034,0.13296,0.0232,0.1288,0.2496,0.14944976525821593,1058.8563753598369,0.3000000858154968,0.013163237498106627
TT,incident,0.3,qarca_no_quality_original,125,0.13893075828816231,0.15568612594778522,0.10768000000000001,0.0248,0.1024,0.19279999999999997,0.18711867728107773,1058.7620766386856,0.3000000858154968,0.013924990430913664
TT,incident,0.3,qarca_original_train,125,0.046240431105153273,0.04664233007500272,0.00944,0.0,0.010399999999999998,0.016,0.432018779342723,1059.0491205587982,0.3000000858154968,0.004171816827067558
TT,incident,0.3,qarca_quality_only,125,0.6832638901457322,0.36609605342895346,0.732,0.5608,0.7647999999999999,0.8368,0.034940028577260654,1058.490301758889,0.3000000858154968,0.0327446264704614
TT,incident,0.3,qarca_structural_only,125,0.257649713358439,0.3766730290341139,0.24159999999999998,0.192,0.256,0.264,0.22798611961624818,1058.3408051190897,0.3000000858154968,0.033690659928441224
TT,incident,0.5,baro,125,0.06787451647303741,0.1356107703618378,0.037759999999999995,0.016800000000000002,0.0312,0.06720000000000001,0.5355246376811594,669.0533563199918,0.5000000144286959,0.012129396040407322
TT,incident,0.5,median_shift,125,0.05967947205521215,0.05802122698362359,0.02512,0.009600000000000001,0.026400000000000003,0.04,0.4085686058379261,198.8927315208595,0.5000000144286959,0.0051895763069330966
TT,incident,0.5,nsigma,125,0.05840060403577795,0.08083809629552562,0.03456,0.0048000000000000004,0.032799999999999996,0.0632,0.5494185752194326,567.8320116003509,0.5000000144286959,0.007230379139538768
TT,incident,0.5,qarca,125,0.6460038564845314,0.3413313944460163,0.69696,0.5144,0.7272000000000001,0.8168,0.03656452337211675,1081.6825200808235,0.5000000144286959,0.030529608033443463
TT,incident,0.5,qarca_no_incident_train,125,0.2125217719786998,0.2119862051732683,0.19424,0.0792,0.1976,0.308,0.14273753827311694,1081.18180088019,0.5000000144286959,0.018960622602385818
TT,incident,0.5,qarca_no_quality,125,0.1407894602654447,0.15381028781987632,0.10560000000000001,0.0256,0.1,0.19519999999999998,0.17364849969381504,1081.066004239954,0.5000000144286959,0.013757210368162055
TT,incident,0.5,qarca_no_quality_original,125,0.11787246655104072,0.148081737667398,0.07168000000000001,0.024,0.068,0.1256,0.21378191467646457,1081.0085615197197,0.5000000144286959,0.013244833266023721
TT,incident,0.5,qarca_original_train,125,0.053363458755176126,0.04783175237399361,0.00944,0.0,0.0088,0.018400000000000003,0.36247903653806895,1081.2434196805116,0.5000000144286959,0.004278201991647466
TT,incident,0.5,qarca_quality_only,125,0.6681775044673895,0.37136845737151586,0.71312,0.5496,0.732,0.8144,0.04155901204327413,1080.7212339201476,0.5000000144286959,0.03321620461527769
TT,incident,0.5,qarca_structural_only,125,0.257649713358439,0.3766730290341139,0.24159999999999998,0.192,0.256,0.264,0.22798611961624818,1080.5467355994042,0.5000000144286959,0.033690659928441224
TT,none,0.0,baro,125,0.31684351448345255,0.32986970628926193,0.3232,0.16,0.336,0.448,0.0950806286997346,810.9171199998818,0.0,0.02950444347922718
TT,none,0.0,median_shift,125,0.1903191617688185,0.19647509487287906,0.1904,0.032,0.224,0.312,0.12781710553174114,195.0827991985716,0.0,0.01757326672085912
TT,none,0.0,nsigma,125,0.6747928571428571,0.35406035192140467,0.752,0.52,0.776,0.92,0.023420289855072458,693.6215920057148,0.0,0.031668120601350366
TT,none,0.0,qarca,125,0.8302222222222222,0.2974406292307163,0.8767999999999999,0.744,0.904,0.976,0.009275362318840576,1155.6986088007689,0.0,0.026603898649207702
TT,none,0.0,qarca_no_incident_train,125,0.8416153846153847,0.2954066919982256,0.8816,0.768,0.904,0.976,0.009623188405797099,1151.6232048012316,0.0,0.026421977772655026
TT,none,0.0,qarca_no_quality,125,0.8615426573426573,0.28766296282063514,0.8896000000000001,0.8,0.904,0.944,0.012173913043478255,1151.423250400927,0.0,0.025729357579037392
TT,none,0.0,qarca_no_quality_original,125,0.8091828282828283,0.3153398799874661,0.856,0.72,0.872,0.96,0.012521739130434778,1151.4295480018482,0.0,0.028204856306743988
TT,none,0.0,qarca_original_train,125,0.8120034632034632,0.310825767944568,0.8608,0.72,0.88,0.96,0.011478260869565214,1151.8349199993536,0.0,0.027801101851305163
TT,none,0.0,qarca_quality_only,125,0.30892335752374867,0.3987817404734912,0.2768,0.24,0.264,0.312,0.1962180036742192,1151.2023920025676,0.0,0.03566812319537622
TT,none,0.0,qarca_structural_only,125,0.257649713358439,0.3766730290341139,0.24159999999999998,0.192,0.256,0.264,0.22798611961624818,1150.8428352018818,0.0,0.033690659928441224
TT,point,0.1,baro,125,0.31569759441231804,0.3316456956211953,0.31792000000000004,0.16319999999999998,0.32480000000000003,0.44480000000000003,0.09644580526638086,723.2389585592318,0.09999991077141893,0.029663292794167878
TT,point,0.1,median_shift,125,0.18836478945332422,0.19119476355322795,0.18608000000000002,0.0296,0.2216,0.308,0.1274643804858134,201.2526754397433,0.09999991077141893,0.017100979529880676
TT,point,0.1,nsigma,125,0.6754053823953824,0.35348359929689566,0.75328,0.5216000000000001,0.7767999999999999,0.9248,0.023373913043478255,598.7720495189075,0.09999991077141893,0.03161653427836622
TT,point,0.1,qarca,125,0.8320578354978355,0.2887663326100153,0.87776,0.7456,0.9047999999999999,0.9768,0.00933333333333333,1139.9793115998152,0.09999991077141893,0.025828045973172335
TT,point,0.1,qarca_no_incident_train,125,0.8417755155955156,0.2908003664546125,0.8832000000000001,0.7656000000000001,0.9024,0.9776,0.009437681159420286,1139.4639575186186,0.09999991077141893,0.02600997549097452
TT,point,0.1,qarca_no_quality,125,0.8598102437431849,0.28577000410268505,0.88864,0.7984,0.9016000000000001,0.9472,0.012637681159420286,1139.2551779998932,0.09999991077141893,0.0255600462041599
TT,point,0.1,qarca_no_quality_original,125,0.8082271317571317,0.31487841258068133,0.85536,0.7192000000000001,0.8687999999999999,0.9616,0.012417391304347821,1139.2525072798132,0.09999991077141893,0.028163581407105138
TT,point,0.1,qarca_original_train,125,0.8142026506826506,0.30713321487282963,0.8609600000000001,0.724,0.8767999999999999,0.9544,0.011779710144927532,1139.54990295982,0.09999991077141893,0.027470829864147856
TT,point,0.1,qarca_quality_only,125,0.35958415890996975,0.3774982951131793,0.3456,0.26639999999999997,0.344,0.424,0.13885135741988158,1138.9772052783985,0.09999991077141893,0.03376447397053382
TT,point,0.1,qarca_structural_only,125,0.257649713358439,0.3766730290341139,0.24159999999999998,0.192,0.256,0.264,0.22798611961624818,1138.8036379180382,0.09999991077141893,0.033690659928441224
TT,point,0.3,baro,125,0.3157856932543637,0.3311004278081527,0.31456,0.168,0.324,0.44,0.09724384568279237,726.0944247998298,0.3000000858154968,0.029614522558331642
TT,point,0.3,median_shift,125,0.18738538092445847,0.18999737249467638,0.18384,0.0288,0.2152,0.30319999999999997,0.1285281077770973,199.28570384010672,0.3000000858154968,0.016993881617777807
TT,point,0.3,nsigma,125,0.6759335057815893,0.35253270352122607,0.7550399999999999,0.5216000000000001,0.78,0.9296,0.023373913043478255,600.5535007995088,0.3000000858154968,0.03153148357460964
TT,point,0.3,qarca,125,0.84362227994228,0.27248250377460176,0.88864,0.7616,0.9144,0.9783999999999999,0.00868405797101449,1120.3531770410482,0.3000000858154968,0.0243715760447741
TT,point,0.3,qarca_no_incident_train,125,0.8433634987234988,0.28096133785932287,0.88624,0.7664,0.9104,0.9768,0.009449275362318838,1119.7968747199047,0.3000000858154968,0.025129946020109244
TT,point,0.3,qarca_no_quality,125,0.8616954367854368,0.2796562090377949,0.88976,0.8016,0.904,0.9448,0.013101449275362316,1119.6014538394288,0.3000000858154968,0.02501321174953602
TT,point,0.3,qarca_no_quality_original,125,0.8111629529294235,0.3088075575087465,0.85568,0.7232000000000001,0.8736,0.9552,0.01255652173913043,1119.5891596790402,0.3000000858154968,0.02762058762220931
TT,point,0.3,qarca_original_train,125,0.81597129642168,0.30368147191417794,0.85552,0.7336,0.864,0.948,0.01271884057971014,1119.8587935197168,0.3000000858154968,0.0271620965882918
TT,point,0.3,qarca_quality_only,125,0.34388573888893753,0.35525868836940744,0.33648,0.2384,0.3376,0.42160000000000003,0.13780020412329044,1119.2704083197284,0.3000000858154968,0.03177530307165636
TT,point,0.3,qarca_structural_only,125,0.257649713358439,0.3766730290341139,0.24159999999999998,0.192,0.256,0.264,0.22798611961624818,1119.1200790397356,0.3000000858154968,0.033690659928441224
TT,point,0.5,baro,125,0.3087675998520108,0.3257834160920572,0.30416000000000004,0.16319999999999998,0.31760000000000005,0.4248,0.09893006736068582,719.9027074409648,0.5000000144286959,0.029138954572957548
TT,point,0.5,median_shift,125,0.1864412050046897,0.18816271588796474,0.18431999999999998,0.027200000000000002,0.212,0.3024,0.1295168809961216,195.472152400529,0.5000000144286959,0.016829784942258754
TT,point,0.5,nsigma,125,0.6760441931683517,0.34959265697063524,0.75664,0.52,0.7832,0.9328,0.023060869565217385,596.5607015219517,0.5000000144286959,0.03126851781684424
TT,point,0.5,qarca,125,0.8549048862248863,0.25853192207495257,0.8956799999999999,0.7776000000000001,0.92,0.9703999999999999,0.008498550724637679,6713.355648000865,0.5000000144286959,0.023123798084530897
TT,point,0.5,qarca_no_incident_train,125,0.8464220290820291,0.2748912121780013,0.88944,0.768,0.9176,0.9712000000000001,0.00919420289855072,6712.860826640576,0.5000000144286959,0.024587017473893153
TT,point,0.5,qarca_no_quality,125,0.8595987625446448,0.27390458297900233,0.8865599999999999,0.7984,0.9,0.94,0.013344927536231881,6712.665131679363,0.5000000144286959,0.024498770675591242
TT,point,0.5,qarca_no_quality_original,125,0.8133318659118659,0.3040679752181354,0.85824,0.7248,0.8736,0.9544,0.012347826086956518,6712.637413279013,0.5000000144286959,0.027196666494738887
TT,point,0.5,qarca_original_train,125,0.8044311891376598,0.30918720041147457,0.84384,0.7183999999999999,0.8568,0.9384,0.014747826086956517,6712.867331841076,0.5000000144286959,0.027654543915716322
TT,point,0.5,qarca_quality_only,125,0.3197158393078856,0.3265752965155151,0.31872,0.2016,0.3352,0.4096,0.13717509695856295,6712.348667680007,0.5000000144286959,0.029209782511233677
TT,point,0.5,qarca_structural_only,125,0.257649713358439,0.3766730290341139,0.24159999999999998,0.192,0.256,0.264,0.22798611961624818,6712.173044558894,0.5000000144286959,0.033690659928441224
TT,stream,0.1,baro,125,0.3199089777221477,0.31599871663595847,0.32480000000000003,0.1648,0.33039999999999997,0.456,0.09183245560318429,672.1392630402464,0.09997439378542888,0.028263784448027872
TT,stream,0.1,median_shift,125,0.20154629490617562,0.20289047153898812,0.20016,0.04,0.2312,0.32480000000000003,0.12062755664421307,184.86854944014922,0.09997439378542888,0.01814707545392655
TT,stream,0.1,nsigma,125,0.6723124261485931,0.3402903638688551,0.75312,0.5127999999999999,0.78,0.92,0.023636007348438452,559.1034457602539,0.09997439378542888,0.030436495427955932
TT,stream,0.1,qarca,125,0.83308318935966,0.2751610085374292,0.87776,0.7487999999999999,0.9024,0.9632000000000001,0.010388405797101447,999.080339278467,0.09997439378542888,0.024611148793883666
TT,stream,0.1,qarca_no_incident_train,125,0.8313217951386493,0.2814345859314415,0.8784,0.7464,0.9047999999999999,0.968,0.010863768115942026,998.5607808006462,0.09997439378542888,0.025172274614488364
TT,stream,0.1,qarca_no_quality,125,0.8504902959441659,0.27774932714934186,0.8798400000000001,0.7856000000000001,0.9016000000000001,0.9336,0.014017064707083074,998.4116741590202,0.09997439378542888,0.02484265504843025
TT,stream,0.1,qarca_no_quality_original,125,0.8090978247127903,0.30196050898762095,0.8552000000000001,0.7183999999999999,0.8736,0.9592,0.012463768115942025,998.338568159286,0.09997439378542888,0.027008168984670265
TT,stream,0.1,qarca_original_train,125,0.8098331395140806,0.2857184369231604,0.85264,0.7192000000000001,0.868,0.9472,0.01298485405184731,998.5941346389707,0.09997439378542888,0.0255554338954069
TT,stream,0.1,qarca_quality_only,125,0.1674624100551752,0.1440528412564775,0.1432,0.052,0.14880000000000002,0.2376,0.1738224127372933,998.0632936782204,0.09997439378542888,0.012884477816058795
TT,stream,0.1,qarca_structural_only,125,0.257649713358439,0.3766730290341139,0.24159999999999998,0.192,0.256,0.264,0.22798611961624818,997.9599227993749,0.09997439378542888,0.033690659928441224
TT,stream,0.3,baro,125,0.31578053685548807,0.27598306311093806,0.31664,0.15919999999999998,0.31760000000000005,0.4568,0.089634945907328,553.2426331197378,0.299950371746694,0.02468467559018688
TT,stream,0.3,median_shift,125,0.22238413764759632,0.2005716211436096,0.22096000000000002,0.0496,0.24080000000000001,0.356,0.10693970197999589,151.32215616120956,0.299950371746694,0.017939671169377808
TT,stream,0.3,nsigma,125,0.6581388216740004,0.3095462136953168,0.7339199999999999,0.4992,0.7592000000000001,0.8984,0.026833067973055718,469.6548143188935,0.299950371746694,0.02768665504001619
TT,stream,0.3,qarca,125,0.8230005390515917,0.26462024920490274,0.86288,0.7392000000000001,0.884,0.948,0.012149418248622163,859.8631064005662,0.299950371746694,0.023668354617803887
TT,stream,0.3,qarca_no_incident_train,125,0.8282900948226181,0.2616867356332047,0.8727999999999999,0.7416,0.8984,0.956,0.011419310063278216,859.3362923194188,0.299950371746694,0.023405973187434488
TT,stream,0.3,qarca_no_quality,125,0.8305118696358755,0.2520184632695055,0.86672,0.752,0.8856,0.932,0.016134558073076132,859.1801547996699,0.299950371746694,0.022541216618225928
TT,stream,0.3,qarca_no_quality_original,125,0.7904377894697895,0.2770645992313869,0.8414400000000001,0.6872,0.8623999999999999,0.9408,0.014964196774852006,859.1823881597724,0.299950371746694,0.02478141112160468
TT,stream,0.3,qarca_original_train,125,0.7559957977510645,0.2730629683888494,0.80128,0.6496000000000001,0.832,0.8927999999999999,0.020889977546438045,859.418768079346,0.299950371746694,0.02442349437821374
TT,stream,0.3,qarca_quality_only,125,0.15719273958972046,0.11408169209654961,0.12336,0.044800000000000006,0.1192,0.2024,0.1762085323535415,858.8422513600905,0.299950371746694,0.010203776740643418
TT,stream,0.3,qarca_structural_only,125,0.257649713358439,0.3766730290341139,0.24159999999999998,0.192,0.256,0.264,0.22798611961624818,858.7078906400129,0.299950371746694,0.033690659928441224
TT,stream,0.5,baro,125,0.3048836999069922,0.22071639792116937,0.30304000000000003,0.1456,0.308,0.4472,0.09366662584200855,464.0056827203836,0.4999413019278459,0.01974147478002512
TT,stream,0.5,median_shift,125,0.24174862561715588,0.18629576550793572,0.24480000000000002,0.06080000000000001,0.25839999999999996,0.4064,0.09990675648091443,126.94954736088403,0.4999413019278459,0.016662799823844197
TT,stream,0.5,nsigma,125,0.6122350605578127,0.25795637868440807,0.6864,0.4456,0.7152000000000001,0.852,0.03974803021024698,404.2732220788952,0.4999413019278459,0.02307231991872057
TT,stream,0.5,qarca,125,0.8055833670299429,0.22934565066105694,0.85312,0.7104,0.8784,0.9392,0.014747336191059396,743.1704807200003,0.4999413019278459,0.020513298608881715
TT,stream,0.5,qarca_no_incident_train,125,0.8085927687289245,0.23523062740983852,0.8603200000000001,0.7096,0.8904,0.944,0.015294223310879767,742.6337530413642,0.4999413019278459,0.021039666931132968
TT,stream,0.5,qarca_no_quality,125,0.7929259452233606,0.23488070806906583,0.83488,0.7016,0.8616,0.9072,0.020595876709532553,742.5021999220364,0.4999413019278459,0.02100836919382858
TT,stream,0.5,qarca_no_quality_original,125,0.7312435901116247,0.2442640975739484,0.78672,0.6127999999999999,0.8168,0.904,0.02481632986323739,742.4615185610019,0.4999413019278459,0.021847645065519603
TT,stream,0.5,qarca_original_train,125,0.6671872211600286,0.2435420362845619,0.71072,0.5488,0.7343999999999999,0.8264,0.04133790569503979,742.7380060808267,0.4999413019278459,0.021783061940440027
TT,stream,0.5,qarca_quality_only,125,0.1556095559267871,0.0872223064977834,0.12864,0.0424,0.132,0.21120000000000003,0.1873149622371912,742.1351652018726,0.4999413019278459,0.007801400259334611
TT,stream,0.5,qarca_structural_only,125,0.257649713358439,0.3766730290341139,0.24159999999999998,0.192,0.256,0.264,0.22798611961624818,741.9819557602052,0.4999413019278459,0.033690659928441224
