method,mechanism,rate,incidents,incidents_with_evidence,evidence_mask_fraction,mrr_unconditional,mrr_conditional,hit1_unconditional,hit1_conditional,normalized_rank_unconditional,normalized_rank_conditional,worst_rank_fraction
baro,burst,0.1,375,375,1.0,0.5281022835400542,0.5281022835400542,0.3714666666666667,0.3714666666666667,0.08710151084813667,0.08710151084813667,0.0
baro,burst,0.3,375,375,1.0,0.4419692552407834,0.4419692552407834,0.28853333333333336,0.28853333333333336,0.16176781104162538,0.16176781104162538,0.0002666666666666667
baro,burst,0.5,375,375,1.0,0.3770202887142184,0.3770202887142184,0.21333333333333335,0.21333333333333335,0.20431949609060374,0.20431949609060374,0.0005333333333333334
baro,incident,0.1,375,375,1.0,0.46592306222221236,0.46592306222221236,0.31093333333333334,0.31093333333333334,0.1398878520839574,0.1398878520839574,0.0
baro,incident,0.3,375,375,1.0,0.1909877385774175,0.1909877385774175,0.07626666666666668,0.07626666666666668,0.44807836914675286,0.44807836914675286,0.009866666666666668
baro,incident,0.5,375,375,1.0,0.15164585204418657,0.15164585204418657,0.037333333333333336,0.037333333333333336,0.4981055109482731,0.4981055109482731,0.0224
baro,none,0.0,375,375,1.0,0.5297457217590344,0.5297457217590344,0.36533333333333334,0.36533333333333334,0.08402831923468786,0.08402831923468786,0.0
baro,point,0.1,375,375,1.0,0.5293558118940531,0.5293558118940531,0.3664,0.3664,0.08450767823453675,0.08450767823453675,0.0
baro,point,0.3,375,375,1.0,0.529472797222354,0.529472797222354,0.36826666666666663,0.36826666666666663,0.08480780426078648,0.08480780426078648,0.0
baro,point,0.5,375,375,1.0,0.5276677184691888,0.5276677184691888,0.36719999999999997,0.36719999999999997,0.08520272086626035,0.08520272086626035,0.0
baro,stream,0.1,375,375,1.0,0.5246289118399685,0.5246289118399685,0.356,0.356,0.08443812012169634,0.08443812012169634,0.0002666666666666667
baro,stream,0.3,375,375,0.9989333333333333,0.51067287958453,0.5114844790961295,0.3352,0.3360592592592593,0.09317695888108624,0.09220658851071586,0.0010666666666666667
baro,stream,0.5,375,375,0.9893333333333333,0.4912124783535758,0.4987290128067769,0.30933333333333335,0.316805291005291,0.11188088954091906,0.10233165206815217,0.011733333333333333
median_shift,burst,0.1,375,375,1.0,0.4985699222043071,0.4985699222043071,0.30186666666666667,0.30186666666666667,0.08799249423606902,0.08799249423606902,0.0
median_shift,burst,0.3,375,375,1.0,0.45106432712699074,0.45106432712699074,0.2488,0.2488,0.10996265309929514,0.10996265309929514,0.0
median_shift,burst,0.5,375,375,1.0,0.2788884414502312,0.2788884414502312,0.0832,0.0832,0.2185833749245283,0.2185833749245283,0.0
median_shift,incident,0.1,375,375,1.0,0.48632255962296306,0.48632255962296306,0.3288,0.3288,0.13806911889498538,0.13806911889498538,0.0
median_shift,incident,0.3,375,375,1.0,0.2219866955401128,0.2219866955401128,0.09466666666666666,0.09466666666666666,0.3566442072104058,0.3566442072104058,0.0007999999999999999
median_shift,incident,0.5,375,375,1.0,0.18564143968859556,0.18564143968859556,0.06586666666666667,0.06586666666666667,0.3949511462173902,0.3949511462173902,0.003466666666666667
median_shift,none,0.0,375,375,1.0,0.5018376041874897,0.5018376041874897,0.30666666666666664,0.30666666666666664,0.08747518791339977,0.08747518791339977,0.0
median_shift,point,0.1,375,375,1.0,0.4995905911934361,0.4995905911934361,0.3021333333333333,0.3021333333333333,0.0874364007768784,0.0874364007768784,0.0
median_shift,point,0.3,375,375,1.0,0.49917216401185655,0.49917216401185655,0.30186666666666667,0.30186666666666667,0.08775622906589224,0.08775622906589224,0.0
median_shift,point,0.5,375,375,1.0,0.5003729942608225,0.5003729942608225,0.3024,0.3024,0.08745921563229583,0.08745921563229583,0.0
median_shift,stream,0.1,375,375,1.0,0.5101456961856564,0.5101456961856564,0.31573333333333337,0.31573333333333337,0.08474291404179951,0.08474291404179951,0.0
median_shift,stream,0.3,375,375,0.9989333333333333,0.5151992065736928,0.5158301340823981,0.3208,0.32127407407407405,0.08842501998511794,0.08748181010857474,0.0018666666666666669
median_shift,stream,0.5,375,375,0.9893333333333333,0.5186208265136699,0.5260093593183138,0.33466666666666667,0.341674074074074,0.1043127107213516,0.09478714790363191,0.012
nsigma,burst,0.1,375,375,1.0,0.7589756862231108,0.7589756862231108,0.6136,0.6136,0.031666473429951686,0.031666473429951686,0.0
nsigma,burst,0.3,375,375,1.0,0.7541192643508106,0.7541192643508106,0.6082666666666666,0.6082666666666666,0.03259083139083138,0.03259083139083138,0.0
nsigma,burst,0.5,375,375,1.0,0.668718701661592,0.668718701661592,0.4925333333333333,0.4925333333333333,0.05049944510796208,0.05049944510796208,0.0
nsigma,incident,0.1,375,375,1.0,0.6284272300408029,0.6284272300408029,0.4976,0.4976,0.10576017863880692,0.10576017863880692,0.0010666666666666667
nsigma,incident,0.3,375,375,1.0,0.19638172582352661,0.19638172582352661,0.084,0.084,0.45435844366976674,0.45435844366976674,0.008
nsigma,incident,0.5,375,375,1.0,0.1568802536504819,0.1568802536504819,0.046933333333333334,0.046933333333333334,0.5163235567277641,0.5163235567277641,0.013066666666666667
nsigma,none,0.0,375,375,1.0,0.7606198412698412,0.7606198412698412,0.616,0.616,0.03169363197189283,0.03169363197189283,0.0
nsigma,point,0.1,375,375,1.0,0.760530683020683,0.760530683020683,0.6165333333333333,0.6165333333333333,0.03181069828722002,0.03181069828722002,0.0
nsigma,point,0.3,375,375,1.0,0.7616800574827519,0.7616800574827519,0.6181333333333333,0.6181333333333333,0.03157514273166446,0.03157514273166446,0.0
nsigma,point,0.5,375,375,1.0,0.761352508833895,0.761352508833895,0.6168,0.6168,0.0313386736934563,0.0313386736934563,0.0
nsigma,stream,0.1,375,375,1.0,0.756973685099074,0.756973685099074,0.6101333333333334,0.6101333333333334,0.03378510490258193,0.03378510490258193,0.0
nsigma,stream,0.3,375,375,0.9989333333333333,0.7330930053080649,0.7338063332147261,0.5834666666666667,0.5842074074074074,0.04683734300400558,0.045913886213882114,0.0010666666666666667
nsigma,stream,0.5,375,375,0.9893333333333333,0.6953207829417003,0.702598455495484,0.5458666666666666,0.5527978835978836,0.07281353659584414,0.06321130088674569,0.012
qarca,burst,0.1,375,375,1.0,0.8862423628545367,0.8862423628545367,0.8248,0.8248,0.025632690072076258,0.025632690072076258,0.010666666666666666
qarca,burst,0.3,375,375,1.0,0.8548237932591995,0.8548237932591995,0.7808,0.7808,0.035418742928001234,0.035418742928001234,0.010133333333333333
qarca,burst,0.5,375,375,1.0,0.6674191321523292,0.6674191321523292,0.4978666666666666,0.4978666666666666,0.06618114501886412,0.06618114501886412,0.011733333333333333
qarca,incident,0.1,375,375,1.0,0.8973104946904947,0.8973104946904947,0.8413333333333334,0.8413333333333334,0.014780042185480026,0.014780042185480026,0.0
qarca,incident,0.3,375,375,1.0,0.824787930107971,0.824787930107971,0.7325333333333333,0.7325333333333333,0.02621735592297747,0.02621735592297747,0.0
qarca,incident,0.5,375,375,1.0,0.7613155712091294,0.7613155712091294,0.6469333333333334,0.6469333333333334,0.038542113851311635,0.038542113851311635,0.0
qarca,none,0.0,375,375,1.0,0.8903600644122383,0.8903600644122383,0.8346666666666667,0.8346666666666667,0.02493017127799736,0.02493017127799736,0.010666666666666666
qarca,point,0.1,375,375,1.0,0.8911025635234331,0.8911025635234331,0.8351999999999999,0.8351999999999999,0.024729292929292924,0.024729292929292924,0.0104
qarca,point,0.3,375,375,1.0,0.8943724508020161,0.8943724508020161,0.8386666666666667,0.8386666666666667,0.02427448397013614,0.02427448397013614,0.010133333333333333
qarca,point,0.5,375,375,1.0,0.8990029813986335,0.8990029813986335,0.8450666666666666,0.8450666666666666,0.023398506807202457,0.023398506807202457,0.009333333333333334
qarca,stream,0.1,375,375,1.0,0.8853629126713014,0.8853629126713014,0.8245333333333333,0.8245333333333333,0.025503205972771188,0.025503205972771188,0.010133333333333333
qarca,stream,0.3,375,375,0.9989333333333333,0.8581595971424117,0.8589459599154413,0.7832,0.7839407407407407,0.03195390590462093,0.03095884417622587,0.008799999999999999
qarca,stream,0.5,375,375,0.9893333333333333,0.8213630706687409,0.829396682406797,0.7346666666666667,0.7426338624338624,0.04928412097634243,0.039978248997921434,0.0088
qarca_no_incident_train,burst,0.1,375,375,1.0,0.8860855527365502,0.8860855527365502,0.8256000000000001,0.8256000000000001,0.025770187811620035,0.025770187811620035,0.010666666666666666
qarca_no_incident_train,burst,0.3,375,375,1.0,0.8756527147096483,0.8756527147096483,0.808,0.808,0.026579797979797974,0.026579797979797974,0.010133333333333333
qarca_no_incident_train,burst,0.5,375,375,1.0,0.6936919681058111,0.6936919681058111,0.5349333333333334,0.5349333333333334,0.05379582588610792,0.05379582588610792,0.011733333333333333
qarca_no_incident_train,incident,0.1,375,375,1.0,0.7529589106410628,0.7529589106410628,0.6570666666666667,0.6570666666666667,0.04531388990950533,0.04531388990950533,0.0
qarca_no_incident_train,incident,0.3,375,375,1.0,0.41997055824933144,0.41997055824933144,0.248,0.248,0.14534644802943494,0.14534644802943494,0.0
qarca_no_incident_train,incident,0.5,375,375,1.0,0.3542435632425392,0.3542435632425392,0.16986666666666667,0.16986666666666667,0.1729422636603977,0.1729422636603977,0.0
qarca_no_incident_train,none,0.0,375,375,1.0,0.8915800074321812,0.8915800074321812,0.8373333333333334,0.8373333333333334,0.025389547650417215,0.025389547650417215,0.010666666666666666
qarca_no_incident_train,point,0.1,375,375,1.0,0.8915951235559931,0.8915951235559931,0.8357333333333333,0.8357333333333333,0.024889328063241106,0.024889328063241106,0.0104
qarca_no_incident_train,point,0.3,375,375,1.0,0.8920061903957556,0.8920061903957556,0.8354666666666667,0.8354666666666667,0.024640667545015368,0.024640667545015368,0.010133333333333333
qarca_no_incident_train,point,0.5,375,375,1.0,0.8929642512399033,0.8929642512399033,0.8354666666666667,0.8354666666666667,0.023814229249011856,0.023814229249011856,0.009333333333333334
qarca_no_incident_train,stream,0.1,375,375,1.0,0.8845065749150915,0.8845065749150915,0.8234666666666667,0.8234666666666667,0.02590408432147562,0.02590408432147562,0.010133333333333333
qarca_no_incident_train,stream,0.3,375,375,0.9989333333333333,0.8609924993491376,0.8618150807183856,0.7877333333333333,0.7885629629629629,0.03279350739483011,0.03196387776520048,0.008
qarca_no_incident_train,stream,0.5,375,375,0.9893333333333333,0.8229906556728526,0.8307750095083175,0.7376,0.7454116402116403,0.050809496348381826,0.04247482988920557,0.005066666666666666
qarca_no_quality,burst,0.1,375,375,1.0,0.8931186317925703,0.8931186317925703,0.8408,0.8408,0.026336020047017485,0.026336020047017485,0.010666666666666666
qarca_no_quality,burst,0.3,375,375,1.0,0.888934089462633,0.888934089462633,0.832,0.832,0.026388581466842333,0.026388581466842333,0.010133333333333333
qarca_no_quality,burst,0.5,375,375,1.0,0.7265941203531068,0.7265941203531068,0.5778666666666666,0.5778666666666666,0.048305256188364135,0.048305256188364135,0.011733333333333333
qarca_no_quality,incident,0.1,375,375,1.0,0.6879034207004328,0.6879034207004328,0.5933333333333334,0.5933333333333334,0.06303623299745773,0.06303623299745773,0.0
qarca_no_quality,incident,0.3,375,375,1.0,0.36754761777346917,0.36754761777346917,0.1869333333333333,0.1869333333333333,0.15837899255122118,0.15837899255122118,0.0
qarca_no_quality,incident,0.5,375,375,1.0,0.32139362961229107,0.32139362961229107,0.1312,0.1312,0.18467684941117019,0.18467684941117019,0.0
qarca_no_quality,none,0.0,375,375,1.0,0.8968890983412722,0.8968890983412722,0.8453333333333334,0.8453333333333334,0.02611857707509881,0.02611857707509881,0.010666666666666666
qarca_no_quality,point,0.1,375,375,1.0,0.8981666996052161,0.8981666996052161,0.8477333333333332,0.8477333333333332,0.025610540184453225,0.025610540184453225,0.0104
qarca_no_quality,point,0.3,375,375,1.0,0.8990901697497349,0.8990901697497349,0.8490666666666666,0.8490666666666666,0.02538533157663592,0.02538533157663592,0.010133333333333333
qarca_no_quality,point,0.5,375,375,1.0,0.9008142735052199,0.9008142735052199,0.8525333333333333,0.8525333333333333,0.024607905138339915,0.024607905138339915,0.009333333333333334
qarca_no_quality,stream,0.1,375,375,1.0,0.8859520540195758,0.8859520540195758,0.8296000000000001,0.8296000000000001,0.028712758942765062,0.028712758942765062,0.010133333333333333
qarca_no_quality,stream,0.3,375,375,0.9989333333333333,0.8578517826322483,0.8585349925087915,0.7874666666666666,0.7881185185185184,0.03774491210873185,0.03709306025688,0.008
qarca_no_quality,stream,0.5,375,375,0.9893333333333333,0.8163441357867525,0.823979058559453,0.736,0.7439566137566138,0.05543100678340187,0.04855405896723837,0.0048000000000000004
qarca_no_quality_original,burst,0.1,375,375,1.0,0.8707984066582276,0.8707984066582276,0.8058666666666666,0.8058666666666666,0.027356449404531243,0.027356449404531243,0.010666666666666666
qarca_no_quality_original,burst,0.3,375,375,1.0,0.8621617177581047,0.8621617177581047,0.7893333333333333,0.7893333333333333,0.027958331137461566,0.027958331137461566,0.010133333333333333
qarca_no_quality_original,burst,0.5,375,375,1.0,0.5932222023924597,0.5932222023924597,0.40240000000000004,0.40240000000000004,0.06788139047373223,0.06788139047373223,0.011733333333333333
qarca_no_quality_original,incident,0.1,375,375,1.0,0.709767786734526,0.709767786734526,0.6093333333333333,0.6093333333333333,0.05649163057395756,0.05649163057395756,0.0
qarca_no_quality_original,incident,0.3,375,375,1.0,0.327293767026235,0.327293767026235,0.1704,0.1704,0.19897722900548012,0.19897722900548012,0.0
qarca_no_quality_original,incident,0.5,375,375,1.0,0.27404194883480687,0.27404194883480687,0.10479999999999999,0.10479999999999999,0.2287520848181112,0.2287520848181112,0.0
qarca_no_quality_original,none,0.0,375,375,1.0,0.869435821987996,0.869435821987996,0.8026666666666666,0.8026666666666666,0.027721387790953,0.027721387790953,0.010666666666666666
qarca_no_quality_original,point,0.1,375,375,1.0,0.8699012178320874,0.8699012178320874,0.8032,0.8032,0.027187615283267453,0.027187615283267453,0.0104
qarca_no_quality_original,point,0.3,375,375,1.0,0.8717971195755084,0.8717971195755084,0.8056000000000001,0.8056000000000001,0.026708739569609133,0.026708739569609133,0.010133333333333333
qarca_no_quality_original,point,0.5,375,375,1.0,0.8746230857387378,0.8746230857387378,0.8096000000000001,0.8096000000000001,0.025568467281510753,0.025568467281510753,0.009333333333333334
qarca_no_quality_original,stream,0.1,375,375,1.0,0.861196468371022,0.861196468371022,0.7888000000000001,0.7888000000000001,0.029588528765920066,0.029588528765920066,0.010133333333333333
qarca_no_quality_original,stream,0.3,375,375,0.9989333333333333,0.8239663707028344,0.8247149357180662,0.7343999999999999,0.7350814814814816,0.04355196339316219,0.0426951732697054,0.008266666666666667
qarca_no_quality_original,stream,0.5,375,375,0.9893333333333333,0.7640709594371159,0.7717532056682509,0.6581333333333333,0.6658857142857143,0.06792923348447716,0.0598305147377192,0.0056
qarca_original_train,burst,0.1,375,375,1.0,0.8232163050561261,0.8232163050561261,0.7325333333333333,0.7325333333333333,0.04291659176856107,0.04291659176856107,0.010933333333333333
qarca_original_train,burst,0.3,375,375,1.0,0.7819996608764135,0.7819996608764135,0.6786666666666666,0.6786666666666666,0.05909308825775523,0.05909308825775523,0.010133333333333333
qarca_original_train,burst,0.5,375,375,1.0,0.5298923231527989,0.5298923231527989,0.3176,0.3176,0.09144641941890741,0.09144641941890741,0.012
qarca_original_train,incident,0.1,375,375,1.0,0.44935642970580836,0.44935642970580836,0.3565333333333333,0.3565333333333333,0.2647665640127756,0.2647665640127756,0.023466666666666667
qarca_original_train,incident,0.3,375,375,1.0,0.1209590739798471,0.1209590739798471,0.024266666666666666,0.024266666666666666,0.5277465351917713,0.5277465351917713,0.08906666666666667
qarca_original_train,incident,0.5,375,375,1.0,0.13487722236093205,0.13487722236093205,0.024533333333333338,0.024533333333333338,0.4833902023094876,0.4833902023094876,0.06506666666666666
qarca_original_train,none,0.0,375,375,1.0,0.8621538114059853,0.8621538114059853,0.792,0.792,0.02905032938076416,0.02905032938076416,0.010666666666666666
qarca_original_train,point,0.1,375,375,1.0,0.8652644860453557,0.8652644860453557,0.7957333333333333,0.7957333333333333,0.02809020641194554,0.02809020641194554,0.0104
qarca_original_train,point,0.3,375,375,1.0,0.8648576785173717,0.8648576785173717,0.7954666666666667,0.7954666666666667,0.028013350900307415,0.028013350900307415,0.010133333333333333
qarca_original_train,point,0.5,375,375,1.0,0.8652123839568597,0.8652123839568597,0.7962666666666667,0.7962666666666667,0.02724321475625823,0.02724321475625823,0.009333333333333334
qarca_original_train,stream,0.1,375,375,1.0,0.8138002783034906,0.8138002783034906,0.7261333333333334,0.7261333333333334,0.057640368417209306,0.057640368417209306,0.016533333333333334
qarca_original_train,stream,0.3,375,375,0.9989333333333333,0.722888338979225,0.7232770100612294,0.6136,0.613925925925926,0.10387275498177123,0.10318880436448727,0.015733333333333335
qarca_original_train,stream,0.5,375,375,0.9893333333333333,0.6292630549362925,0.6332547820714184,0.5048,0.5079015873015873,0.1432978975510599,0.1362637238815921,0.01626666666666667
qarca_quality_only,burst,0.1,375,375,1.0,0.3154408503379431,0.3154408503379431,0.14053333333333334,0.14053333333333334,0.22497599573215146,0.22497599573215146,0.0
qarca_quality_only,burst,0.3,375,375,1.0,0.31156238040729517,0.31156238040729517,0.1384,0.1384,0.2268358562296302,0.2268358562296302,0.0018666666666666669
qarca_quality_only,burst,0.5,375,375,1.0,0.2816759127775984,0.2816759127775984,0.11013333333333335,0.11013333333333335,0.25229319172068637,0.25229319172068637,0.0013333333333333333
qarca_quality_only,incident,0.1,375,375,1.0,0.6057432914791345,0.6057432914791345,0.43466666666666665,0.43466666666666665,0.07540773120055422,0.07540773120055422,0.0
qarca_quality_only,incident,0.3,375,375,1.0,0.7624004501543974,0.7624004501543974,0.6472,0.6472,0.039492275038019053,0.039492275038019053,0.0
qarca_quality_only,incident,0.5,375,375,1.0,0.757619716496345,0.757619716496345,0.644,0.644,0.04298368222510291,0.04298368222510291,0.0
qarca_quality_only,none,0.0,375,375,1.0,0.27121572234918606,0.27121572234918606,0.15733333333333333,0.15733333333333333,0.3635164450293012,0.3635164450293012,0.0
qarca_quality_only,point,0.1,375,375,1.0,0.34555958736152426,0.34555958736152426,0.1821333333333333,0.1821333333333333,0.22370354904991985,0.22370354904991985,0.0
qarca_quality_only,point,0.3,375,375,1.0,0.3338279447090109,0.3338279447090109,0.16853333333333334,0.16853333333333334,0.22570036695786633,0.22570036695786633,0.0
qarca_quality_only,point,0.5,375,375,1.0,0.3249845582685737,0.3249845582685737,0.16,0.16,0.2296442177092946,0.2296442177092946,0.0
qarca_quality_only,stream,0.1,375,375,1.0,0.26454002413094585,0.26454002413094585,0.10160000000000001,0.10160000000000001,0.2715400873156357,0.2715400873156357,0.0
qarca_quality_only,stream,0.3,375,375,0.9989333333333333,0.25805625378191405,0.2582614570560062,0.08773333333333333,0.08785185185185185,0.2529880928560371,0.2523905619918395,0.0018666666666666669
qarca_quality_only,stream,0.5,375,375,0.9893333333333333,0.25313665258239626,0.2552400757788354,0.08,0.08092486772486773,0.2556964610368119,0.24919166282122934,0.010666666666666666
qarca_structural_only,burst,0.1,375,375,1.0,0.2296610155639241,0.2296610155639241,0.08,0.08,0.35204059334475385,0.35204059334475385,0.0
qarca_structural_only,burst,0.3,375,375,1.0,0.2296610155639241,0.2296610155639241,0.08,0.08,0.35204059334475385,0.35204059334475385,0.0
qarca_structural_only,burst,0.5,375,375,1.0,0.2296610155639241,0.2296610155639241,0.08,0.08,0.35204059334475385,0.35204059334475385,0.0
qarca_structural_only,incident,0.1,375,375,1.0,0.2296610155639241,0.2296610155639241,0.08,0.08,0.35204059334475385,0.35204059334475385,0.0
qarca_structural_only,incident,0.3,375,375,1.0,0.2296610155639241,0.2296610155639241,0.08,0.08,0.35204059334475385,0.35204059334475385,0.0
qarca_structural_only,incident,0.5,375,375,1.0,0.2296610155639241,0.2296610155639241,0.08,0.08,0.35204059334475385,0.35204059334475385,0.0
qarca_structural_only,none,0.0,375,375,1.0,0.2296610155639241,0.2296610155639241,0.08,0.08,0.35204059334475385,0.35204059334475385,0.0
qarca_structural_only,point,0.1,375,375,1.0,0.2296610155639241,0.2296610155639241,0.08,0.08,0.35204059334475385,0.35204059334475385,0.0
qarca_structural_only,point,0.3,375,375,1.0,0.2296610155639241,0.2296610155639241,0.08,0.08,0.35204059334475385,0.35204059334475385,0.0
qarca_structural_only,point,0.5,375,375,1.0,0.2296610155639241,0.2296610155639241,0.08,0.08,0.35204059334475385,0.35204059334475385,0.0
qarca_structural_only,stream,0.1,375,375,1.0,0.2296610155639241,0.2296610155639241,0.08,0.08,0.35204059334475385,0.35204059334475385,0.0
qarca_structural_only,stream,0.3,375,375,0.9989333333333333,0.2296610155639241,0.2296610155639241,0.08,0.08,0.35204059334475385,0.35204059334475385,0.0
qarca_structural_only,stream,0.5,375,375,0.9893333333333333,0.2296610155639241,0.2296610155639241,0.08,0.08,0.35204059334475385,0.35204059334475385,0.0
